검색데이터,유포게시물,게시자id,유포사이트,URL,탐지시간,고유번호,분류,용량
남산의부장들,2020 남산의 부장들 - FHD 이병헌 이성민 곽도원 초고화질 1080p,hgmg12,위디스크,http://www.wedisk.co.kr/wediskNew/contentsView.do?contentsID=29201448,2020-03-20 20:40:34,c29201448,한국영화,4.3G
-,[남산의 부장들]흔들린 충성 그리고 총성,사람의노래,위디스크,http://www.wedisk.co.kr/wediskNew/contentsView.do?contentsID=29359345,2020-03-20 20:40:34,c29359345,한국영화,4.3G
-,[ 남산의부장들 (2020) ] - 이병헌. 이성민. 곽도원. 이희준,j0iiiyy13,위디스크,http://www.wedisk.co.kr/wediskNew/contentsView.do?contentsID=29311866,2020-03-20 20:40:34,c29311866,한국영화,4.3G
-,[ 남산의부장들 ] 1080p.이병헌 이성민 이희준 김소진 감독우민호 4공화국 5공화국 2020,kdysouma,위디스크,http://www.wedisk.co.kr/wediskNew/contentsView.do?contentsID=29358576,2020-03-20 20:40:34,c29358576,한국영화,4.3G
-,[드라마] 남산의 부장들 (2019) 1080p NonDRM mp4,이강산88,위디스크,http://www.wedisk.co.kr/wediskNew/contentsView.do?contentsID=29290807,2020-03-20 20:40:34,c29290807,한국영화,4.3G
-,대통령암살사건 2 0 1 9 [ 남산의 부장들 ] 평점 8.47 이병헌 -@검은냥이,eoghks3518,위디스크,http://www.wedisk.co.kr/wediskNew/contentsView.do?contentsID=29355716,2020-03-20 20:40:34,c29355716,일반,3.4G
-,[드라마] 남산의 부장들 (2019) 1080p mp4 이병헌 이성민 곽도원,이강산88,위디스크,http://www.wedisk.co.kr/wediskNew/contentsView.do?contentsID=29339788,2020-03-20 20:40:34,c29339788,한국영화,3.6G
-,1080p-[ 남산의부장들 _ 초특급화질 ] 이병헌 이성민 곽도원 이희준 김소진. 흔들린 충성 그날의 총성! 1979년 대통령 암살 사건!,메뚝이너,위디스크,http://www.wedisk.co.kr/wediskNew/contentsView.do?contentsID=29203362,2020-03-20 20:40:34,c29203362,한국영화,4.3G
-,[ 남산의부장들 (2020) ] - 이병헌. 이성민. 곽도원. 이희준,solluung11,위디스크,http://www.wedisk.co.kr/wediskNew/contentsView.do?contentsID=29349564,2020-03-20 20:40:34,c29349564,한국영화,4.3G
-,남산의 부장들.2020.1080p.이병헌.이성민.The Man Standing Next.2018.1080p.FHDRip.H264.AAC-NonDRM_fix.mp4,partyplanu,위디스크,http://www.wedisk.co.kr/wediskNew/contentsView.do?contentsID=29215783,2020-03-20 20:40:34,c29215783,한국영화,4.3G
-,이병헌 [= 남산의 부장들 =] 1979년 대통령 암살사건,로드킴,위디스크,http://www.wedisk.co.kr/wediskNew/contentsView.do?contentsID=29203840,2020-03-20 20:40:34,c29203840,한국영화,4.3G
-,남산의 부장들 2018.720p.HDRip.H264.AAC,알밤이,위디스크,http://www.wedisk.co.kr/wediskNew/contentsView.do?contentsID=29331387,2020-03-20 20:40:34,c29331387,한국영화,2.6G
-,2019 이병헌 남산의 부장들,onizukay5,위디스크,http://www.wedisk.co.kr/wediskNew/contentsView.do?contentsID=29331153,2020-03-20 20:40:34,c29331153,한국영화,4.3G
-,흔들린 충성 그날의 총성 남산의부장들 The Man Standing Next 2018,한강위의포뇨,위디스크,http://www.wedisk.co.kr/wediskNew/contentsView.do?contentsID=29317139,2020-03-20 20:40:34,c29317139,한국영화,2.6G
-,흔들린 충성 그날의 총성 남산의부장들 The Man Standing Next 2018,한강위의포뇨,위디스크,http://www.wedisk.co.kr/wediskNew/contentsView.do?contentsID=29311216,2020-03-20 20:40:34,c29311216,한국영화,4.3G
-,2020 초고화질 임자 옆엔 내가 있잖아 [남산의 부장들] - 이병헌 곽도원 ,에이치씨몽,위디스크,http://www.wedisk.co.kr/wediskNew/contentsView.do?contentsID=29302689,2020-03-20 20:40:34,c29302689,한국영화,2.6G
-,국정원 부장의 대통령 암살 한국 영화 남산의 부장들 1979 이병헌 곽도원 이희진 ,메이크샵,위디스크,http://www.wedisk.co.kr/wediskNew/contentsView.do?contentsID=29299690,2020-03-20 20:40:34,c29299690,일반,2.6G
-,[제휴_공식릴] 남산의 부장들 (The Man Standing Next 2019),hyh78,위디스크,http://www.wedisk.co.kr/wediskNew/contentsView.do?contentsID=29297219,2020-03-20 20:40:34,c29297219,한국영화,4.3G
-,대통령 암살 사건 [:: 남산의 부장들 ::] <이병헌><곽도원><이성민>,이어보기,위디스크,http://www.wedisk.co.kr/wediskNew/contentsView.do?contentsID=29297064,2020-03-20 20:40:34,c29297064,일반,4.3G
-,2O2O 흔들린충 성 그 날의총 성 [ 남 산의 부 장들 ],hart29,위디스크,http://www.wedisk.co.kr/wediskNew/contentsView.do?contentsID=29291444,2020-03-20 20:40:34,c29291444,일반,3.9G
-,1979년 대통령 암살사건___남산의 부장들 ,꿀궁디,위디스크,http://www.wedisk.co.kr/wediskNew/contentsView.do?contentsID=29284801,2020-03-20 20:40:34,c29284801,일반,3.7G
-,2020.02.--- 남.산.의.부.장.들  --- 최고화질 1080p,샛별미소,위디스크,http://www.wedisk.co.kr/wediskNew/contentsView.do?contentsID=29252713,2020-03-20 20:40:34,c29252713,일반,4.3G
-,[ 남산의 부장들 _ Full HD 1080p ] 이병헌이성민곽도원이희준,뽕신,위디스크,http://www.wedisk.co.kr/wediskNew/contentsView.do?contentsID=29259088,2020-03-20 20:40:34,c29259088,한국영화,3.6G
-,남산의 부장들 (정품릴) The Man Standing Next.2018.1080p.FHDRip.H264.AAC,sc620505,위디스크,http://www.wedisk.co.kr/wediskNew/contentsView.do?contentsID=29273258,2020-03-20 20:40:34,c29273258,한국영화,4.3G
-,2020.곽도원.이성민.이병헌 [: 남산의 부장들 :]720p,빈센트류,위디스크,http://www.wedisk.co.kr/wediskNew/contentsView.do?contentsID=29207190,2020-03-20 20:40:34,c29207190,일반,2.6G
-,[ 남산의 부장들 ] The Man Standing Next.2018.1080p.FHDRip.H264.AAC,리틀아리,위디스크,http://www.wedisk.co.kr/wediskNew/contentsView.do?contentsID=29246267,2020-03-20 20:40:34,c29246267,한국영화,4.3G
-,한국영화 - 남산의 부장들 (2019)화질최고조아,개구리청년,위디스크,http://www.wedisk.co.kr/wediskNew/contentsView.do?contentsID=29245697,2020-03-20 20:40:34,c29245697,한국영화,3.6G
-,[남산의 부장들] 흔들린 충성 그 날의 총성,사실여자임,위디스크,http://www.wedisk.co.kr/wediskNew/contentsView.do?contentsID=29233461,2020-03-20 20:40:34,c29233461,일반,2.0G
-,[남산의 부장들] 대통령 암살사건 발생 40일 전,사실여자임,위디스크,http://www.wedisk.co.kr/wediskNew/contentsView.do?contentsID=29233374,2020-03-20 20:40:34,c29233374,일반,2.1G
-,[남산의 부장들] 각하 제가 어떻게 하길 원하십니까,사실여자임,위디스크,http://www.wedisk.co.kr/wediskNew/contentsView.do?contentsID=29233302,2020-03-20 20:40:34,c29233302,일반,1.8G
-,2018 남산의 부장들 - 이병헌이성민곽도원이희진김소진,제너시스,위디스크,http://www.wedisk.co.kr/wediskNew/contentsView.do?contentsID=29231999,2020-03-20 20:40:34,c29231999,한국영화,4.3G
-,떳다.02 -- [남. 산. 의. 부. 장. 들] 초고화질 1080p,mindaddy,위디스크,http://www.wedisk.co.kr/wediskNew/contentsView.do?contentsID=29231013,2020-03-20 20:40:34,c29231013,일반,3.6G
-,(한국영화)남산의부장들...이병헌..이성민..곽도원..이희준..김소진..서현우..지현준..박성근..주연,gadkds,위디스크,http://www.wedisk.co.kr/wediskNew/contentsView.do?contentsID=29229860,2020-03-20 20:40:34,c29229860,한국영화,4.3G
-,남산의 부장들 2019 감독 우민호 출연 이병헌 이성민 곽도원 이희준 김소진,탱주,위디스크,http://www.wedisk.co.kr/wediskNew/contentsView.do?contentsID=29209613,2020-03-20 20:40:34,c29209613,한국영화,4.3G
-,[FullHD]남산의부장들.2019.1080p.FHD [이병헌 이성민],lizard21,위디스크,http://www.wedisk.co.kr/wediskNew/contentsView.do?contentsID=29211079,2020-03-20 20:40:34,c29211079,한국영화,4.3G
-,[FHD]남산의 부장들 - 1979년 대통령 암살 사건.The Man Standing Next.2018.1080p.FHDRip.H264.AAC-NonDRM,liven,위디스크,http://www.wedisk.co.kr/wediskNew/contentsView.do?contentsID=29220769,2020-03-20 20:40:34,c29220769,일반,4.3G
-,[HD]남산의 부장들 - 1979년 대통령 암살 사건.The Man Standing Next.2018.720p.HDRip.H264.AAC-NonDRM,liven,위디스크,http://www.wedisk.co.kr/wediskNew/contentsView.do?contentsID=29220747,2020-03-20 20:40:34,c29220747,일반,2.6G
-,[FHD]남산의 부장들 - 1979년 대통령 암살 사건.The Man Standing Next.2018.1080p.FHDRip.H264.AAC,liven,위디스크,http://www.wedisk.co.kr/wediskNew/contentsView.do?contentsID=29220159,2020-03-20 20:40:34,c29220159,일반,4.3G
-,남.산.으ㅣ.부.장.들. 보.다.100배.재.밋.다,tsvs,위디스크,http://www.wedisk.co.kr/wediskNew/contentsView.do?contentsID=29216523,2020-03-20 20:40:34,c29216523,일반,3.4G
-,남산의 부장들.2020.720p.이병헌.이성민.The Man Standing Next.2018.720p.HDRip.H264.AAC-NonDRM.mp4,partyplanu,위디스크,http://www.wedisk.co.kr/wediskNew/contentsView.do?contentsID=29215751,2020-03-20 20:40:34,c29215751,한국영화,2.6G
-,남산의부장들.The Man Standing Next.2018.720p.HDRip.H264.AAC-NonDRM.mp4,storyjc,위디스크,http://www.wedisk.co.kr/wediskNew/contentsView.do?contentsID=29210423,2020-03-20 20:40:34,c29210423,한국영화,2.6G
-,남산의 부장들 [드라마][이병헌 주연][고화질 1080P],xormrwh001,위디스크,http://www.wedisk.co.kr/wediskNew/contentsView.do?contentsID=29205691,2020-03-20 20:40:34,c29205691,일반,4.3G
-,[요셉]남산의부장들.이병헌.이성민.곽도원.The Man Standing Next.2018.1080p.FHDRip.H264.AAC-NonDRM,dude0077,위디스크,http://www.wedisk.co.kr/wediskNew/contentsView.do?contentsID=29204662,2020-03-20 20:40:34,c29204662,한국영화,4.3G
-,남산의 부장들.2020.1080p.이병헌.이성민.The Man Standing Next.2018.1080p.FHDRip.H264.AAC-NonDRM_fix,partyplanu,위디스크,http://www.wedisk.co.kr/wediskNew/contentsView.do?contentsID=29204440,2020-03-20 20:40:34,c29204440,한국영화,4.3G
-,남산의 부장들.2020.720p.이병헌.이성민.The Man Standing Next.2018.720p.HDRip.H264.AAC-NonDRM.mp4,partyplanu,위디스크,http://www.wedisk.co.kr/wediskNew/contentsView.do?contentsID=29204409,2020-03-20 20:40:34,c29204409,한국영화,2.6G
-,2020 [ 남산의 부장들 / FHD 1080p 정식릴 ] 이병헌 곽도원 이성민,mcdb,위디스크,http://www.wedisk.co.kr/wediskNew/contentsView.do?contentsID=29203704,2020-03-20 20:40:34,c29203704,한국영화,4.3G
-,남산의 부장들 FHD 1080P_이병헌_이성민_곽도원_이희준,bbongs1,위디스크,http://www.wedisk.co.kr/wediskNew/contentsView.do?contentsID=29202663,2020-03-20 20:40:34,c29202663,일반,4.3G
-,[ 남산의부장들 _ 최고화질 ] 김소진 이병헌 이성민 곽도원 이희준. 1979년 대통령 암살 사건!,메뚝이너,위디스크,http://www.wedisk.co.kr/wediskNew/contentsView.do?contentsID=29203350,2020-03-20 20:40:34,c29203350,한국영화,2.6G
-,[ㅡ 남산의 부장들 ㅡ] .이병헌.이성민.곽도원.정품.1080p,kok5584,위디스크,http://www.wedisk.co.kr/wediskNew/contentsView.do?contentsID=29203195,2020-03-20 20:40:34,c29203195,한국영화,4.3G
-,(한국영화) 남산의 부장들 The Man Standing Next.2018,아이돌52,위디스크,http://www.wedisk.co.kr/wediskNew/contentsView.do?contentsID=29203115,2020-03-20 20:40:34,c29203115,일반,4.3G
-,남산의 부장들.2018.720p.HDRip.H264.AAC-NonDRM,kis2393,위디스크,http://www.wedisk.co.kr/wediskNew/contentsView.do?contentsID=29202933,2020-03-20 20:40:34,c29202933,일반,2.6G
-,떳다.한국.02.최신 [남산의 부장들] 이병헌.이성민.곽도원,jshowbox01,위디스크,http://www.wedisk.co.kr/wediskNew/contentsView.do?contentsID=29202862,2020-03-20 20:40:34,c29202862,한국영화,1.9G
-,02.떳다.최신 [남산의 부장들] 대통령 암살사건 발생 40일 전,jshowbox01,위디스크,http://www.wedisk.co.kr/wediskNew/contentsView.do?contentsID=29202853,2020-03-20 20:40:34,c29202853,한국영화,2.0G
-,02.떳다.최신 [남산의 부장들] 각하 제가 어떻게 하길 원하십니까,jshowbox01,위디스크,http://www.wedisk.co.kr/wediskNew/contentsView.do?contentsID=29202851,2020-03-20 20:40:34,c29202851,한국영화,1.7G
-,[ㅡ 남산의 부장들 ㅡ] 그날의 총성.이병헌.이성민.1080p,kok5584,위디스크,http://www.wedisk.co.kr/wediskNew/contentsView.do?contentsID=29202750,2020-03-20 20:40:34,c29202750,한국영화,3.6G
-,O2월 떳따 이병헌 곽도원 [ 남산의 부장들 ] FHD 정식릴,srupd4,위디스크,http://www.wedisk.co.kr/wediskNew/contentsView.do?contentsID=29202722,2020-03-20 20:40:34,c29202722,한국영화,4.3G
-,[ 남 산 의 부 장 들 ] FHD 이 병 헌 이 성 민 곽 도 원 이 희 준 정 식 원 본 1080P,sondan,위디스크,http://www.wedisk.co.kr/wediskNew/contentsView.do?contentsID=29202416,2020-03-20 20:40:34,c29202416,한국영화,4.3G
-,[최신] 남산의 부장들 (2019) 이병헌 이성민,mosummer,위디스크,http://www.wedisk.co.kr/wediskNew/contentsView.do?contentsID=29200981,2020-03-20 20:40:34,c29200981,일반,4.3G
-,흔들린 충성 그날의 총성 남산의부장들 The Man Standing Next 2018,한강위의포뇨,위디스크,http://www.wedisk.co.kr/wediskNew/contentsView.do?contentsID=29317139,2020-03-20 20:40:35,c29317139,한국영화,2.6G
-,흔들린 충성 그날의 총성 남산의부장들 The Man Standing Next 2018,한강위의포뇨,위디스크,http://www.wedisk.co.kr/wediskNew/contentsView.do?contentsID=29311216,2020-03-20 20:40:35,c29311216,한국영화,4.3G
-,2020 초고화질 임자 옆엔 내가 있잖아 [남산의 부장들] - 이병헌 곽도원 ,에이치씨몽,위디스크,http://www.wedisk.co.kr/wediskNew/contentsView.do?contentsID=29302689,2020-03-20 20:40:35,c29302689,한국영화,2.6G
-,국정원 부장의 대통령 암살 한국 영화 남산의 부장들 1979 이병헌 곽도원 이희진 ,메이크샵,위디스크,http://www.wedisk.co.kr/wediskNew/contentsView.do?contentsID=29299690,2020-03-20 20:40:35,c29299690,일반,2.6G
-,[제휴_공식릴] 남산의 부장들 (The Man Standing Next 2019),hyh78,위디스크,http://www.wedisk.co.kr/wediskNew/contentsView.do?contentsID=29297219,2020-03-20 20:40:35,c29297219,한국영화,4.3G
-,대통령 암살 사건 [:: 남산의 부장들 ::] <이병헌><곽도원><이성민>,이어보기,위디스크,http://www.wedisk.co.kr/wediskNew/contentsView.do?contentsID=29297064,2020-03-20 20:40:35,c29297064,일반,4.3G
-,2O2O 흔들린충 성 그 날의총 성 [ 남 산의 부 장들 ],hart29,위디스크,http://www.wedisk.co.kr/wediskNew/contentsView.do?contentsID=29291444,2020-03-20 20:40:35,c29291444,일반,3.9G
-,1979년 대통령 암살사건___남산의 부장들 ,꿀궁디,위디스크,http://www.wedisk.co.kr/wediskNew/contentsView.do?contentsID=29284801,2020-03-20 20:40:35,c29284801,일반,3.7G
-,2020.02.--- 남.산.의.부.장.들  --- 최고화질 1080p,샛별미소,위디스크,http://www.wedisk.co.kr/wediskNew/contentsView.do?contentsID=29252713,2020-03-20 20:40:35,c29252713,일반,4.3G
-,[ 남산의 부장들 _ Full HD 1080p ] 이병헌이성민곽도원이희준,뽕신,위디스크,http://www.wedisk.co.kr/wediskNew/contentsView.do?contentsID=29259088,2020-03-20 20:40:35,c29259088,한국영화,3.6G
-,남산의 부장들 (정품릴) The Man Standing Next.2018.1080p.FHDRip.H264.AAC,sc620505,위디스크,http://www.wedisk.co.kr/wediskNew/contentsView.do?contentsID=29273258,2020-03-20 20:40:35,c29273258,한국영화,4.3G
-,2020.곽도원.이성민.이병헌 [: 남산의 부장들 :]720p,빈센트류,위디스크,http://www.wedisk.co.kr/wediskNew/contentsView.do?contentsID=29207190,2020-03-20 20:40:35,c29207190,일반,2.6G
-,[ 남산의 부장들 ] The Man Standing Next.2018.1080p.FHDRip.H264.AAC,리틀아리,위디스크,http://www.wedisk.co.kr/wediskNew/contentsView.do?contentsID=29246267,2020-03-20 20:40:35,c29246267,한국영화,4.3G
-,한국영화 - 남산의 부장들 (2019)화질최고조아,개구리청년,위디스크,http://www.wedisk.co.kr/wediskNew/contentsView.do?contentsID=29245697,2020-03-20 20:40:35,c29245697,한국영화,3.6G
-,[남산의 부장들] 흔들린 충성 그 날의 총성,사실여자임,위디스크,http://www.wedisk.co.kr/wediskNew/contentsView.do?contentsID=29233461,2020-03-20 20:40:35,c29233461,일반,2.0G
-,[남산의 부장들] 대통령 암살사건 발생 40일 전,사실여자임,위디스크,http://www.wedisk.co.kr/wediskNew/contentsView.do?contentsID=29233374,2020-03-20 20:40:35,c29233374,일반,2.1G
-,[남산의 부장들] 각하 제가 어떻게 하길 원하십니까,사실여자임,위디스크,http://www.wedisk.co.kr/wediskNew/contentsView.do?contentsID=29233302,2020-03-20 20:40:35,c29233302,일반,1.8G
-,2018 남산의 부장들 - 이병헌이성민곽도원이희진김소진,제너시스,위디스크,http://www.wedisk.co.kr/wediskNew/contentsView.do?contentsID=29231999,2020-03-20 20:40:35,c29231999,한국영화,4.3G
-,떳다.02 -- [남. 산. 의. 부. 장. 들] 초고화질 1080p,mindaddy,위디스크,http://www.wedisk.co.kr/wediskNew/contentsView.do?contentsID=29231013,2020-03-20 20:40:35,c29231013,일반,3.6G
-,(한국영화)남산의부장들...이병헌..이성민..곽도원..이희준..김소진..서현우..지현준..박성근..주연,gadkds,위디스크,http://www.wedisk.co.kr/wediskNew/contentsView.do?contentsID=29229860,2020-03-20 20:40:35,c29229860,한국영화,4.3G
-,남산의 부장들 2019 감독 우민호 출연 이병헌 이성민 곽도원 이희준 김소진,탱주,위디스크,http://www.wedisk.co.kr/wediskNew/contentsView.do?contentsID=29209613,2020-03-20 20:40:35,c29209613,한국영화,4.3G
-,[FullHD]남산의부장들.2019.1080p.FHD [이병헌 이성민],lizard21,위디스크,http://www.wedisk.co.kr/wediskNew/contentsView.do?contentsID=29211079,2020-03-20 20:40:35,c29211079,한국영화,4.3G
-,[FHD]남산의 부장들 - 1979년 대통령 암살 사건.The Man Standing Next.2018.1080p.FHDRip.H264.AAC-NonDRM,liven,위디스크,http://www.wedisk.co.kr/wediskNew/contentsView.do?contentsID=29220769,2020-03-20 20:40:35,c29220769,일반,4.3G
-,[HD]남산의 부장들 - 1979년 대통령 암살 사건.The Man Standing Next.2018.720p.HDRip.H264.AAC-NonDRM,liven,위디스크,http://www.wedisk.co.kr/wediskNew/contentsView.do?contentsID=29220747,2020-03-20 20:40:35,c29220747,일반,2.6G
-,[FHD]남산의 부장들 - 1979년 대통령 암살 사건.The Man Standing Next.2018.1080p.FHDRip.H264.AAC,liven,위디스크,http://www.wedisk.co.kr/wediskNew/contentsView.do?contentsID=29220159,2020-03-20 20:40:35,c29220159,일반,4.3G
-,남.산.으ㅣ.부.장.들. 보.다.100배.재.밋.다,tsvs,위디스크,http://www.wedisk.co.kr/wediskNew/contentsView.do?contentsID=29216523,2020-03-20 20:40:35,c29216523,일반,3.4G
-,남산의 부장들.2020.720p.이병헌.이성민.The Man Standing Next.2018.720p.HDRip.H264.AAC-NonDRM.mp4,partyplanu,위디스크,http://www.wedisk.co.kr/wediskNew/contentsView.do?contentsID=29215751,2020-03-20 20:40:35,c29215751,한국영화,2.6G
-,남산의부장들.The Man Standing Next.2018.720p.HDRip.H264.AAC-NonDRM.mp4,storyjc,위디스크,http://www.wedisk.co.kr/wediskNew/contentsView.do?contentsID=29210423,2020-03-20 20:40:35,c29210423,한국영화,2.6G
-,남산의 부장들 [드라마][이병헌 주연][고화질 1080P],xormrwh001,위디스크,http://www.wedisk.co.kr/wediskNew/contentsView.do?contentsID=29205691,2020-03-20 20:40:35,c29205691,일반,4.3G
-,[요셉]남산의부장들.이병헌.이성민.곽도원.The Man Standing Next.2018.1080p.FHDRip.H264.AAC-NonDRM,dude0077,위디스크,http://www.wedisk.co.kr/wediskNew/contentsView.do?contentsID=29204662,2020-03-20 20:40:35,c29204662,한국영화,4.3G
-,남산의 부장들.2020.1080p.이병헌.이성민.The Man Standing Next.2018.1080p.FHDRip.H264.AAC-NonDRM_fix,partyplanu,위디스크,http://www.wedisk.co.kr/wediskNew/contentsView.do?contentsID=29204440,2020-03-20 20:40:35,c29204440,한국영화,4.3G
-,남산의 부장들.2020.720p.이병헌.이성민.The Man Standing Next.2018.720p.HDRip.H264.AAC-NonDRM.mp4,partyplanu,위디스크,http://www.wedisk.co.kr/wediskNew/contentsView.do?contentsID=29204409,2020-03-20 20:40:35,c29204409,한국영화,2.6G
-,2020 [ 남산의 부장들 / FHD 1080p 정식릴 ] 이병헌 곽도원 이성민,mcdb,위디스크,http://www.wedisk.co.kr/wediskNew/contentsView.do?contentsID=29203704,2020-03-20 20:40:35,c29203704,한국영화,4.3G
-,남산의 부장들 FHD 1080P_이병헌_이성민_곽도원_이희준,bbongs1,위디스크,http://www.wedisk.co.kr/wediskNew/contentsView.do?contentsID=29202663,2020-03-20 20:40:35,c29202663,일반,4.3G
-,[ 남산의부장들 _ 최고화질 ] 김소진 이병헌 이성민 곽도원 이희준. 1979년 대통령 암살 사건!,메뚝이너,위디스크,http://www.wedisk.co.kr/wediskNew/contentsView.do?contentsID=29203350,2020-03-20 20:40:35,c29203350,한국영화,2.6G
-,[ㅡ 남산의 부장들 ㅡ] .이병헌.이성민.곽도원.정품.1080p,kok5584,위디스크,http://www.wedisk.co.kr/wediskNew/contentsView.do?contentsID=29203195,2020-03-20 20:40:35,c29203195,한국영화,4.3G
-,(한국영화) 남산의 부장들 The Man Standing Next.2018,아이돌52,위디스크,http://www.wedisk.co.kr/wediskNew/contentsView.do?contentsID=29203115,2020-03-20 20:40:35,c29203115,일반,4.3G
-,남산의 부장들.2018.720p.HDRip.H264.AAC-NonDRM,kis2393,위디스크,http://www.wedisk.co.kr/wediskNew/contentsView.do?contentsID=29202933,2020-03-20 20:40:35,c29202933,일반,2.6G
-,떳다.한국.02.최신 [남산의 부장들] 이병헌.이성민.곽도원,jshowbox01,위디스크,http://www.wedisk.co.kr/wediskNew/contentsView.do?contentsID=29202862,2020-03-20 20:40:35,c29202862,한국영화,1.9G
-,02.떳다.최신 [남산의 부장들] 대통령 암살사건 발생 40일 전,jshowbox01,위디스크,http://www.wedisk.co.kr/wediskNew/contentsView.do?contentsID=29202853,2020-03-20 20:40:35,c29202853,한국영화,2.0G
-,02.떳다.최신 [남산의 부장들] 각하 제가 어떻게 하길 원하십니까,jshowbox01,위디스크,http://www.wedisk.co.kr/wediskNew/contentsView.do?contentsID=29202851,2020-03-20 20:40:35,c29202851,한국영화,1.7G
-,[ㅡ 남산의 부장들 ㅡ] 그날의 총성.이병헌.이성민.1080p,kok5584,위디스크,http://www.wedisk.co.kr/wediskNew/contentsView.do?contentsID=29202750,2020-03-20 20:40:35,c29202750,한국영화,3.6G
-,O2월 떳따 이병헌 곽도원 [ 남산의 부장들 ] FHD 정식릴,srupd4,위디스크,http://www.wedisk.co.kr/wediskNew/contentsView.do?contentsID=29202722,2020-03-20 20:40:35,c29202722,한국영화,4.3G
-,[ 남 산 의 부 장 들 ] FHD 이 병 헌 이 성 민 곽 도 원 이 희 준 정 식 원 본 1080P,sondan,위디스크,http://www.wedisk.co.kr/wediskNew/contentsView.do?contentsID=29202416,2020-03-20 20:40:35,c29202416,한국영화,4.3G
-,[최신] 남산의 부장들 (2019) 이병헌 이성민,mosummer,위디스크,http://www.wedisk.co.kr/wediskNew/contentsView.do?contentsID=29200981,2020-03-20 20:40:35,c29200981,일반,4.3G
기생충,[ 기생충 (2019) ] - 송강호. 이선균. 조여정. 최우식. 박소담. 봉준호 감독작,j0iiiyy13,위디스크,http://www.wedisk.co.kr/wediskNew/contentsView.do?contentsID=29311123,2020-03-20 20:40:36,c29311123,한국영화,5.0G
-,2160p-[ 기생충 UHD.BluRay _ 초특급화질 ] 조여정 이선균 송강호 최우식 박소담. 행복은 나눌수록 커지잖아요!,메뚝이너,위디스크,http://www.wedisk.co.kr/wediskNew/contentsView.do?contentsID=29242446,2020-03-20 20:40:36,c29242446,한국영화,36G
-,1080p-[ 기 생 충 _ 초특급화질 ] 조여정 이선균 송강호 최우식 박소담. 행복은 나눌수록 커지잖아요! [기생충],메뚝이너,위디스크,http://www.wedisk.co.kr/wediskNew/contentsView.do?contentsID=29097695,2020-03-20 20:40:36,c29097695,한국영화,35G
-,[  iseeyou  ] 아이씨유  최신미개봉작  다락방기생충  반전스릴러공포,별밤극장,위디스크,http://www.wedisk.co.kr/wediskNew/contentsView.do?contentsID=29085749,2020-03-20 20:40:36,c29085749,공포,3.4G
-,[기생충]M 송강호 이선균 최우식 박소담 폐 끼치고 싶진 않았어요,ininokok,위디스크,http://www.wedisk.co.kr/wediskNew/contentsView.do?contentsID=28349234,2020-03-20 20:40:36,c28349234,일반,584M
-,[2160p 4K] 기생충 2019.UHD 블루레이.초고화질.아카데미 작품상 칸영화제 황금종려상 수상작.봉준호 감독작품.송강호.Parasite.2019.2160p.UHD.BluRay.X265-IAMABLE 1080i,partyplanu,위디스크,http://www.wedisk.co.kr/wediskNew/contentsView.do?contentsID=29231545,2020-03-20 20:40:36,c29231545,한국영화,36G
-,[720p] 기생충 Parasite.2019.KOREAN.720p.BluRay.x264.DTS-FGT 봉준호 송강호 이선균 조여정 최우식 박소담 정지소,밀라,위디스크,http://www.wedisk.co.kr/wediskNew/contentsView.do?contentsID=29081530,2020-03-20 20:40:36,c29081530,한국영화,6.5G
-,( 기생충  2019 _ HD1080p )(평점9.0) 송강호.이선균.조여정! 봉준호 감독! 칸영화제 황금종려상! 기셍충,아잉죠앙,위디스크,http://www.wedisk.co.kr/wediskNew/contentsView.do?contentsID=29244052,2020-03-20 20:40:36,c29244052,한국영화,5.0G
-,[1080p] 기생충 Parasite.2019.KOREAN.1080p.BluRay.x264.TrueHD.7.1.Atmos-FGT 봉준호 송강호 이선균 조여정 최우식 박소담 정지소,밀라,위디스크,http://www.wedisk.co.kr/wediskNew/contentsView.do?contentsID=29081602,2020-03-20 20:40:36,c29081602,한국영화,15G
-,오랜 잠에서 깨어났다! [ ㅡ ㄱ I . 생 . 충 ㅡ ] 초고화질 한글완벽자막 (1O8OP),쭈꾸미업,위디스크,http://www.wedisk.co.kr/wediskNew/contentsView.do?contentsID=23949935,2020-03-20 20:40:36,c23949935,공포,3.0G
-,[1080p] 기생충 Parasite.2019.KOREAN.1080p.BluRay.x264.DTS-FGT 봉준호 송강호 이선균 조여정 최우식 박소담 정지소,밀라,위디스크,http://www.wedisk.co.kr/wediskNew/contentsView.do?contentsID=29081568,2020-03-20 20:40:36,c29081568,한국영화,12G
-,[1080p] 기생충 Parasite.2019.KOREAN.1080p.BluRay.x264.DTS-FGT 봉준호 송강호 이선균 조여정 최우식 박소담 정지소,밀라,위디스크,http://www.wedisk.co.kr/wediskNew/contentsView.do?contentsID=29081568,2020-03-20 20:40:36,c29081568,한국영화,12G
-,[1080p] 기생충 PARASITE.2019.1080p.FHDRip.H264.AAC-NonDRM 봉준호 송강호 이선균 조여정 최우식 박소담 정지소,밀라,위디스크,http://www.wedisk.co.kr/wediskNew/contentsView.do?contentsID=29081544,2020-03-20 20:40:36,c29081544,한국영화,5.0G
-,[넷플] O6월. 몸속에 기생충이.. 음흉한 유머 [- 퍼. 펙. 션 -] 1O8Op GO화질. 한글자막!,존자료,위디스크,http://www.wedisk.co.kr/wediskNew/contentsView.do?contentsID=28521116,2020-03-20 20:40:36,c28521116,일반,2.9G
-,[넷플] O6월. 몸속에 기생충이.. 음흉한 유머 [- 퍼. 펙. 션 -] 1O8Op GO화질. 한글자막!,니자료,위디스크,http://www.wedisk.co.kr/wediskNew/contentsView.do?contentsID=28533751,2020-03-20 20:40:36,c28533751,일반,2.9G
-,[넷플] O6월. 몸속에 기생충이.. 음흉한 유머 [- 퍼. 펙. 션 -] 1O8Op GO화질. 한글자막!,열린영화,위디스크,http://www.wedisk.co.kr/wediskNew/contentsView.do?contentsID=28627576,2020-03-20 20:40:36,c28627576,일반,2.9G
-,[넷플] O6월. 몸속에 기생충이.. 음흉한 유머 [- 퍼. 펙. 션 -] 1O8Op GO화질. 한글자막!,열린영화,위디스크,http://www.wedisk.co.kr/wediskNew/contentsView.do?contentsID=28627576,2020-03-20 20:40:36,c28627576,일반,2.9G
-,(19)[실화이야기]아카데미 기생충 경쟁작 디카프리오 브래드피트 주연!![원스 ㅇㅓ뽄 ㅌㅏ임 인 미국]초고화질 완벽자막,fusrnr,위디스크,http://www.wedisk.co.kr/wediskNew/contentsView.do?contentsID=29197829,2020-03-20 20:40:36,c29197829,일반,2.9G
-,(19)[넷플릭스]아카데미 기생충 경쟁작 마틴 스코세이지 감독[ㅇㅏㅇㅣ리수ㅣ 맨]초고화질 완벽자막,fusrnr,위디스크,http://www.wedisk.co.kr/wediskNew/contentsView.do?contentsID=29173944,2020-03-20 20:40:36,c29173944,일반,4.6G
-,2019 기생충 - FHD 송강호 이선균 조여정 초고화질 1080p,hgmg12,위디스크,http://www.wedisk.co.kr/wediskNew/contentsView.do?contentsID=28500661,2020-03-20 20:40:36,c28500661,일반,3.8G
-,송강호 봉준호 <- 기 생 충 -> 행복은 나눌수록 커지잖아요,일본여포,위디스크,http://www.wedisk.co.kr/wediskNew/contentsView.do?contentsID=28348597,2020-03-20 20:40:36,c28348597,일반,5.0G
-,[ 기생충 (2019) ] - 송강호. 이선균. 조여정. 최우식. 박소담. 봉준호 감독작,solluung11,위디스크,http://www.wedisk.co.kr/wediskNew/contentsView.do?contentsID=29348190,2020-03-20 20:40:36,c29348190,한국영화,5.0G
-,[ 기 생 충 ] 1080p 초고화질 ( PARASITE ) 송강호 이선균 조여정 최우식 박소담 이정은,남궁초원,위디스크,http://www.wedisk.co.kr/wediskNew/contentsView.do?contentsID=29259009,2020-03-20 20:40:36,c29259009,한국영화,5.0G
-,[기생충]HD 송강호 이선균 조여정 최우식 박소담,chakmm,위디스크,http://www.wedisk.co.kr/wediskNew/contentsView.do?contentsID=28372702,2020-03-20 20:40:36,c28372702,일반,1.8G
-,[기생충]HD 봉준호 감독 충격 행복은 나눌수록 커지잖아요,chakmm,위디스크,http://www.wedisk.co.kr/wediskNew/contentsView.do?contentsID=28372695,2020-03-20 20:40:36,c28372695,일반,1.8G
-,02월. (해외상영버전 뉴버전) (( ---ㄱ ㅣ 생 충--- )) 1080p초고화질,샛별미소,위디스크,http://www.wedisk.co.kr/wediskNew/contentsView.do?contentsID=29344120,2020-03-20 20:40:36,c29344120,일반,3.1G
-,[기생충]HD 봉준호 칸영화제 황금종려상 송강호 이선균,ininokok,위디스크,http://www.wedisk.co.kr/wediskNew/contentsView.do?contentsID=28349227,2020-03-20 20:40:36,c28349227,일반,3.3G
-,[기생충]영어 자막,사람의노래,위디스크,http://www.wedisk.co.kr/wediskNew/contentsView.do?contentsID=29339484,2020-03-20 20:40:36,c29339484,한국영화,1.7G
-,[기생충]두 가족의 흥미로운 앙상블,사람의노래,위디스크,http://www.wedisk.co.kr/wediskNew/contentsView.do?contentsID=29338489,2020-03-20 20:40:36,c29338489,한국영화,2.8G
-,[ 기생충 ] 행복은 나눌수록 커지잖아요 - 2019 송강호이선균,ruli,위디스크,http://www.wedisk.co.kr/wediskNew/contentsView.do?contentsID=28527985,2020-03-20 20:40:36,c28527985,일반,3.0G
-,[ 기생충 ] 1080p. 송강호 이선균 조여정 최우식 박소담 감독봉준호 2019,kdysouma,위디스크,http://www.wedisk.co.kr/wediskNew/contentsView.do?contentsID=29322433,2020-03-20 20:40:36,c29322433,한국영화,5.0G
-,기생충.2019.블루레이.1080p.아카데미 감독상작품상극본상인터네셔널 영화상 4관왕 명작 ! 칸영화제 황금종려상 수상작.봉준호 감독작품.송강호.이선균.조여정.Parasite.2019.KOREAN.1080p.BluRay.x264.DTS-FGT ].1080.i,partyplanu,위디스크,http://www.wedisk.co.kr/wediskNew/contentsView.do?contentsID=28954406,2020-03-20 20:40:36,c28954406,일반,12G
-,기생충.2019.블루레이.720p.아카데미 감독상작품상극본상인터네셔널 영화상 4관왕 명작 칸영화제 황금종려상 수상작.봉준호 감독작품.송강호.이선균.조여정.Parasite.2019.KOREAN.720p.BluRay.x264.DTS-FGT.mkv,partyplanu,위디스크,http://www.wedisk.co.kr/wediskNew/contentsView.do?contentsID=29191503,2020-03-20 20:40:36,c29191503,한국영화,6.5G
-,[1080p] 기생충 Parasite.2019.KOREAN.1080p.WEBRip.x264.AAC2.0-NOGRP 봉준호 송강호 이선균 조여정 최우식 박소담 정지소,밀라,위디스크,http://www.wedisk.co.kr/wediskNew/contentsView.do?contentsID=28384705,2020-03-20 20:40:36,c28384705,일반,5.0G
-,1080p-[ 기생충 _ 초특급화질 ] 조여정 송강호 박소담 이선균 최우식. 행복은 나눌수록 커지잖아요!,메뚝이너,위디스크,http://www.wedisk.co.kr/wediskNew/contentsView.do?contentsID=28351092,2020-03-20 20:40:36,c28351092,일반,5.0G
-,[ 기생충 ] PARASITE.2019.720p.HDRip.H264.AAC-NonDRM,리틀아리,위디스크,http://www.wedisk.co.kr/wediskNew/contentsView.do?contentsID=28370128,2020-03-20 20:40:36,c28370128,일반,3.0G
-,<기생충.PARASITE .2020> 초고화질한국아카데미 작품상감독상봉준호감독송강호조여정골든글로브칸 황금종려상명작,best108,위디스크,http://www.wedisk.co.kr/wediskNew/contentsView.do?contentsID=29192979,2020-03-20 20:40:36,c29192979,일반,4.1G
-,[720p] 기생충 PARASITE.2019.720p.HDRip.H264.AAC-NonDRM 봉준호 송강호 이선균 조여정 최우식 박소담 정지소,밀라,위디스크,http://www.wedisk.co.kr/wediskNew/contentsView.do?contentsID=29081507,2020-03-20 20:40:36,c29081507,한국영화,3.0G
-,(한국 영화)기생충(PARASITE)(2019),tkn37,위디스크,http://www.wedisk.co.kr/wediskNew/contentsView.do?contentsID=29306768,2020-03-20 20:40:36,c29306768,한국영화,6.6G
-,[720p] 기생충 2019 송강호 이선균 조여정 박소담 5,방송원본,위디스크,http://www.wedisk.co.kr/wediskNew/contentsView.do?contentsID=29304649,2020-03-20 20:40:36,c29304649,한국영화,9.6G
-,[BR 1080p] 기생충 Parasite.2019.INTERNAL.1080p.BluRay.X264-AMIABLE,navelious,위디스크,http://www.wedisk.co.kr/wediskNew/contentsView.do?contentsID=29301935,2020-03-20 20:40:36,c29301935,한국영화,20G
-,[아카데미 수상기념] 봉준호 감독 기생충  Parasite 2019 1080p ,greetall,위디스크,http://www.wedisk.co.kr/wediskNew/contentsView.do?contentsID=29187784,2020-03-20 20:40:36,c29187784,한국영화,2.4G
-,[ 기생충 _ 정품 Full HD 1080p ] 송강호이선균조여정최우식박소담,뽕신,위디스크,http://www.wedisk.co.kr/wediskNew/contentsView.do?contentsID=28347071,2020-03-20 20:40:36,c28347071,일반,5.0G
-,봉준호 감독 [ 기생충 ] 송강호 조여정 이선균 ,버팔로66,위디스크,http://www.wedisk.co.kr/wediskNew/contentsView.do?contentsID=28802896,2020-03-20 20:40:36,c28802896,일반,3.8G
-,[720p] 기생충 2019 송강호 이선균 조여정 박소담 4,방송원본,위디스크,http://www.wedisk.co.kr/wediskNew/contentsView.do?contentsID=29249334,2020-03-20 20:40:36,c29249334,한국영화,9.6G
-,2019 기생충 - 송강호이선균조여정최우식박소담,제너시스,위디스크,http://www.wedisk.co.kr/wediskNew/contentsView.do?contentsID=29246104,2020-03-20 20:40:36,c29246104,한국영화,5.0G
-,(한국영화)기생충...송강호..이선균..조여정..최우식..박소담..이정은..장혜진..박명훈..주연,gadkds,위디스크,http://www.wedisk.co.kr/wediskNew/contentsView.do?contentsID=29230140,2020-03-20 20:40:36,c29230140,한국영화,2.4G
-,[기생충]HD 봉준호 감독 충격 행복은 나눌수록 커지잖아요,mbaro,위디스크,http://www.wedisk.co.kr/wediskNew/contentsView.do?contentsID=28348704,2020-03-20 20:40:36,c28348704,일반,1.8G
-,[기생충]HD 송강호 이선균 조여정 최우식 박소담,ininokok,위디스크,http://www.wedisk.co.kr/wediskNew/contentsView.do?contentsID=28349231,2020-03-20 20:40:36,c28349231,일반,1.8G
-,[기생충]HD 봉준호 칸영화제 황금종려상 송강호 이선균,mbaro,위디스크,http://www.wedisk.co.kr/wediskNew/contentsView.do?contentsID=28348717,2020-03-20 20:40:36,c28348717,일반,3.3G
-,[기생충]HD 송강호 이선균 조여정 최우식 박소담,mbaro,위디스크,http://www.wedisk.co.kr/wediskNew/contentsView.do?contentsID=28348720,2020-03-20 20:40:36,c28348720,일반,1.8G
-,[BDrip] 기생충(Parasite) 2019.1080p (송강호박소담최우식이선균),ips202spi,위디스크,http://www.wedisk.co.kr/wediskNew/contentsView.do?contentsID=29217082,2020-03-20 20:40:36,c29217082,한국영화,3.7G
-,기생충(Parasite) 2019.1080p.BluRay (송강호박소담최우식이선균),ips202spi,위디스크,http://www.wedisk.co.kr/wediskNew/contentsView.do?contentsID=29217076,2020-03-20 20:40:36,c29217076,한국영화,12G
-,[ 기생충 ] 1080p Bluray 고화질 - 봉준호 감독 - 송강호 조여정 이선균,버팔로66,위디스크,http://www.wedisk.co.kr/wediskNew/contentsView.do?contentsID=29206357,2020-03-20 20:40:36,c29206357,한국영화,12G
-,[FHD] 기생충.2019.1080p.아카데미_작품상_각본상_국제장편영화상_감독상 4관왕!,bbongs1,위디스크,http://www.wedisk.co.kr/wediskNew/contentsView.do?contentsID=29158792,2020-03-20 20:40:36,c29158792,일반,5.0G
-,[FHD]기생충 - 영문자막 내장. Parasite.2019.1080p.10bit.BluRay.8CH.x265.HEVC-PSA,liven,위디스크,http://www.wedisk.co.kr/wediskNew/contentsView.do?contentsID=29206145,2020-03-20 20:40:36,c29206145,일반,1.7G
-,[HD]기생충 - 행복은 나눌수록 커지잖아요..PARASITE.2019.720p.HDRip.H264.AAC-NonDRM,liven,위디스크,http://www.wedisk.co.kr/wediskNew/contentsView.do?contentsID=28914378,2020-03-20 20:40:36,c28914378,일반,3.0G
-,오스카 시상식 수상작! [기생충] 1080p.FHDRip.H264.AAC,만재정,위디스크,http://www.wedisk.co.kr/wediskNew/contentsView.do?contentsID=29163687,2020-03-20 20:40:36,c29163687,일반,5.0G
-,[720p] 기생충 2019 송강호 이선균 조여정 박소담 3,방송원본,위디스크,http://www.wedisk.co.kr/wediskNew/contentsView.do?contentsID=29197336,2020-03-20 20:40:36,c29197336,한국영화,9.6G
-,[FHD] 기생충..행복은 나눌수록 커지잖아요.영자막 내장.Parasite.2019.1080p.HDRip.X264.AC3-EVO,liven,위디스크,http://www.wedisk.co.kr/wediskNew/contentsView.do?contentsID=28405531,2020-03-20 20:40:36,c28405531,일반,2.8G
-,[ 기생충 2019 ] 송강호 PARASITE.2019.1080p.FHDRip.H264.AAC,영화드라마방,위디스크,http://www.wedisk.co.kr/wediskNew/contentsView.do?contentsID=28364512,2020-03-20 20:40:36,c28364512,일반,5.0G
-,[720p] 기생충의 최우식 주연 거인 Set.Me.Free.2014.720p.HDRip.X264-CJCONTENTS 김수현 박주희 김태용 신재하 강신철,밀라,위디스크,http://www.wedisk.co.kr/wediskNew/contentsView.do?contentsID=28090444,2020-03-20 20:40:36,c28090444,한국영화,3.2G
-,[미리보기][한국영화] 기생충 (송강호 이선균 조여정 최우식 박소담 장혜진 이정은 박명훈 정지소),나는업로더다,위디스크,http://www.wedisk.co.kr/wediskNew/contentsView.do?contentsID=29182570,2020-03-20 20:40:36,c29182570,일반,35G
-,[미리보기][한국영화] 기생충 (송강호 이선균 조여정 최우식 박소담 장혜진 이정은 박명훈 정지소),나는업로더다,위디스크,http://www.wedisk.co.kr/wediskNew/contentsView.do?contentsID=29182343,2020-03-20 20:40:36,c29182343,일반,9.8G
-,[미리보기][한국영화] 기생충 (송강호 이선균 조여정 최우식 박소담 장혜진 이정은 박명훈 정지소),나는업로더다,위디스크,http://www.wedisk.co.kr/wediskNew/contentsView.do?contentsID=29175010,2020-03-20 20:40:36,c29175010,일반,1.6G
-,(고화질)2020년 아카데미4개부문석권축하-송강호.조여정.이선균[ 기 생 충 ]1080P,빈센트류,위디스크,http://www.wedisk.co.kr/wediskNew/contentsView.do?contentsID=29172224,2020-03-20 20:40:36,c29172224,일반,2.4G
-,봉준호 감독 [ 기생충 ] 송강호 조여정 이선균 ,버팔로66,위디스크,http://www.wedisk.co.kr/wediskNew/contentsView.do?contentsID=29161150,2020-03-20 20:40:36,c29161150,한국영화,3.0G
-,봉준호 감독 [ 기생충 ] 송강호 조여정 이선균 ,버팔로66,위디스크,http://www.wedisk.co.kr/wediskNew/contentsView.do?contentsID=29011525,2020-03-20 20:40:36,c29011525,한국영화,5.0G
-,봉준호 감독 [ 기생충 ] 송강호 조여정 이선균 ,버팔로66,위디스크,http://www.wedisk.co.kr/wediskNew/contentsView.do?contentsID=29011525,2020-03-20 20:40:36,c29011525,한국영화,5.0G
-,[2019봉준호감독작품] 기생충 (2019),mosummer,위디스크,http://www.wedisk.co.kr/wediskNew/contentsView.do?contentsID=28805772,2020-03-20 20:40:36,c28805772,일반,15G
-,[720p] 기생충 2019 송강호 이선균 조여정 박소담 2,방송원본,위디스크,http://www.wedisk.co.kr/wediskNew/contentsView.do?contentsID=29147604,2020-03-20 20:40:36,c29147604,한국영화,9.6G
-,[1080P] 기생충 (PARASITE 2019)-DVDRip,콩이달려,위디스크,http://www.wedisk.co.kr/wediskNew/contentsView.do?contentsID=28938431,2020-03-20 20:40:36,c28938431,일반,12G
-,[720p] 기생충 2019 송강호 이선균 조여정 박소담,방송원본,위디스크,http://www.wedisk.co.kr/wediskNew/contentsView.do?contentsID=29096131,2020-03-20 20:40:36,c29096131,한국영화,5.5G
-,[영화]기생충 Parasite 2019 [1080p],srlim8853,위디스크,http://www.wedisk.co.kr/wediskNew/contentsView.do?contentsID=29085709,2020-03-20 20:40:36,c29085709,한국영화,2.8G
-,[FHD]기생충.대작.송강호.이선균.조여정.최우식.박소담 1080p HDRip H264,tz8872,위디스크,http://www.wedisk.co.kr/wediskNew/contentsView.do?contentsID=29046389,2020-03-20 20:40:36,c29046389,한국영화,3.6G
-,FHD [ 기생충 ] - 송강호 이선균 - [1080p.고화질.mp4],보증기간,위디스크,http://www.wedisk.co.kr/wediskNew/contentsView.do?contentsID=29021885,2020-03-20 20:40:36,c29021885,일반,5.0G
-,(2020년 아카데미상5개부분후보작)ㅊㅋㅊㅋ[: ㄱ ㅣ 생 충 :]1080P,빈센트류,위디스크,http://www.wedisk.co.kr/wediskNew/contentsView.do?contentsID=29012788,2020-03-20 20:40:36,c29012788,일반,1.7G
-,[ 기생충 ] 2019 송강호 이선균 조여정 평점 8.5,finalday2002,위디스크,http://www.wedisk.co.kr/wediskNew/contentsView.do?contentsID=28498124,2020-03-20 20:40:36,c28498124,일반,3.0G
-,[720P] 벌레들의 역습 [:: ㄱ ㅣ 생 충 - 더 소우 ::] (한글자막),이어보기,위디스크,http://www.wedisk.co.kr/wediskNew/contentsView.do?contentsID=27343828,2020-03-20 20:40:36,c27343828,공포,3.0G
-,2019년 황금종려상수상-송강호이선균조여정[:기.생.충 :]1080p..BluRay (2),빈센트류,위디스크,http://www.wedisk.co.kr/wediskNew/contentsView.do?contentsID=28955098,2020-03-20 20:40:36,c28955098,일반,1.7G
-,기생충.PARASITE.2019.1080p.FHDRip.H264.AAC,darktemplar,위디스크,http://www.wedisk.co.kr/wediskNew/contentsView.do?contentsID=28535159,2020-03-20 20:40:36,c28535159,일반,5.0G
-,[봉준호 감독/고화질]기생충 PARASITE2019 ,ftloghey,위디스크,http://www.wedisk.co.kr/wediskNew/contentsView.do?contentsID=28877264,2020-03-20 20:40:36,c28877264,일반,2.4G
-,봉준호영화] 기생충 (송강호이선균조여정),힐링방송,위디스크,http://www.wedisk.co.kr/wediskNew/contentsView.do?contentsID=28348381,2020-03-20 20:40:36,c28348381,일반,5.0G
-,2019년 영화제 싹쓸이!(조여정주연)-[: 조여정의 ㄱ ㅣ   생  충  : ]BluRay.1080p.,빈센트류,위디스크,http://www.wedisk.co.kr/wediskNew/contentsView.do?contentsID=28819208,2020-03-20 20:40:36,c28819208,일반,1.7G
-,기생충 (2019) 봉준호 감독 송강호 주연 이선균 주연 영어자막,chol7602,위디스크,http://www.wedisk.co.kr/wediskNew/contentsView.do?contentsID=28810087,2020-03-20 20:40:36,c28810087,일반,5.0G
-,백수가족과 글벌 기업 가족의 만남!  " 기생충 "[드라마]송강호.이선균.조여정.,lmg19732001,위디스크,http://www.wedisk.co.kr/wediskNew/contentsView.do?contentsID=28808572,2020-03-20 20:40:36,c28808572,일반,2.3G
-,[1080P] 기생충 (PARASITE 2019)-DVDRip,콩이달려,위디스크,http://www.wedisk.co.kr/wediskNew/contentsView.do?contentsID=28368448,2020-03-20 20:40:36,c28368448,일반,5.0G
-,기생충.2019.KORAEN.720p.BluRay.H264.AAC-VXT,kis2393,위디스크,http://www.wedisk.co.kr/wediskNew/contentsView.do?contentsID=28801866,2020-03-20 20:40:36,c28801866,일반,1.6G
-,[--- 기생충 ---] 송강호 - 정품.초고화질 ,kok5584,위디스크,http://www.wedisk.co.kr/wediskNew/contentsView.do?contentsID=28347675,2020-03-20 20:40:36,c28347675,일반,5.0G
-,봉준호 감독 [ 기생충 ] 송강호 조여정 이선균,버팔로66,위디스크,http://www.wedisk.co.kr/wediskNew/contentsView.do?contentsID=28710205,2020-03-20 20:40:36,c28710205,일반,3.6G
-,봉준호 감독 [ 기생충 ] 송강호 조여정 이선균,버팔로66,위디스크,http://www.wedisk.co.kr/wediskNew/contentsView.do?contentsID=28695961,2020-03-20 20:40:36,c28695961,일반,3.0G
-,봉준호 감독 [ 기생충 ] 송강호 조여정 이선균,버팔로66,위디스크,http://www.wedisk.co.kr/wediskNew/contentsView.do?contentsID=28467170,2020-03-20 20:40:36,c28467170,일반,2.4G
-,천만달성 2 0 1 9 [  기 생 충 ] 평점 9.06 봉준호 감독 송강호 주연 -@검은냥이,eoghks3518,위디스크,http://www.wedisk.co.kr/wediskNew/contentsView.do?contentsID=28597789,2020-03-20 20:40:36,c28597789,일반,2.4G
-,[ 기생충 PARASITE ]2019.1080p.FHDRip.H264.AAC-NonDRM,리틀아리,위디스크,http://www.wedisk.co.kr/wediskNew/contentsView.do?contentsID=28370130,2020-03-20 20:40:36,c28370130,일반,2.4G
-,기생충 (PARASITE 2019),푸른바다별,위디스크,http://www.wedisk.co.kr/wediskNew/contentsView.do?contentsID=28472054,2020-03-20 20:40:36,c28472054,일반,2.4G
-,드디어 떳다 봉준호 [ 2019 기생충 ] FHD1080p 초고화질 [ 송강호 이선균 ],mcdb,위디스크,http://www.wedisk.co.kr/wediskNew/contentsView.do?contentsID=28353074,2020-03-20 20:40:36,c28353074,일반,5.0G
-,미국판 기생충 내 집안의 이방인이 살고 있다 - 인터루더 2019,크봉,위디스크,http://www.wedisk.co.kr/wediskNew/contentsView.do?contentsID=28428743,2020-03-20 20:40:36,c28428743,공포,1.4G
-,[기생충]HD 송강호 이선균 조여정 최우식 박소담,momimoo,위디스크,http://www.wedisk.co.kr/wediskNew/contentsView.do?contentsID=28373073,2020-03-20 20:40:36,c28373073,일반,1.8G
-,[ 기생충 _ 최고화질 ] 송강호 이선균 조여정 최우식 박소담. 행복은 나눌수록 커지잖아요!,메뚝이너,위디스크,http://www.wedisk.co.kr/wediskNew/contentsView.do?contentsID=28351082,2020-03-20 20:40:36,c28351082,일반,3.0G
-,기생충[드라마][송강호 주연][고화질 1080P],xormrwh001,위디스크,http://www.wedisk.co.kr/wediskNew/contentsView.do?contentsID=28351550,2020-03-20 20:40:36,c28351550,일반,5.0G
-,2 0 1 9 FHD [ 기 생 충 ] 송 강 호 이 선 균 조 여 정 정 식 원 본 1080P,sondan,위디스크,http://www.wedisk.co.kr/wediskNew/contentsView.do?contentsID=28349621,2020-03-20 20:40:36,c28349621,일반,3.8G
-,기생충 1080p 네이버 정식,pkmy421,위디스크,http://www.wedisk.co.kr/wediskNew/contentsView.do?contentsID=28348133,2020-03-20 20:40:36,c28348133,일반,5.0G
-,[발킬머주연!지구온난화로인한재난!빙하시대기생충의역습!]더 소우-해빙The ThawDVD.,wilddog35,위디스크,http://www.wedisk.co.kr/wediskNew/contentsView.do?contentsID=13247476,2020-03-20 20:40:36,c13247476,공포,1.4G
-,[SF공포] 기생충 감염 - 더 베이 - [한글자막],가리오스,위디스크,http://www.wedisk.co.kr/wediskNew/contentsView.do?contentsID=20724268,2020-03-20 20:40:36,c20724268,공포,2.5G
-,[공포] 공포의 기생충 ** 더 베이 (The bay) ** 한글자막,fjtpf,위디스크,http://www.wedisk.co.kr/wediskNew/contentsView.do?contentsID=23804084,2020-03-20 20:40:36,c23804084,공포,2.5G
-,[1080p] 스타쉽트루퍼스2 기생충 괴물의 탄생,migdinod,위디스크,http://www.wedisk.co.kr/wediskNew/contentsView.do?contentsID=16780469,2020-03-20 20:40:36,c16780469,판타지,15G
-,[1080p] 기생충 Parasite.2019.KOREAN.1080p.WEBRip.x264.AAC2.0-NOGRP 봉준호 송강호 이선균 조여정 최우식 박소담 정지소,밀라,위디스크,http://www.wedisk.co.kr/wediskNew/contentsView.do?contentsID=28384705,2020-03-20 20:40:37,c28384705,일반,5.0G
-,1080p-[ 기생충 _ 초특급화질 ] 조여정 송강호 박소담 이선균 최우식. 행복은 나눌수록 커지잖아요!,메뚝이너,위디스크,http://www.wedisk.co.kr/wediskNew/contentsView.do?contentsID=28351092,2020-03-20 20:40:37,c28351092,일반,5.0G
-,[ 기생충 ] PARASITE.2019.720p.HDRip.H264.AAC-NonDRM,리틀아리,위디스크,http://www.wedisk.co.kr/wediskNew/contentsView.do?contentsID=28370128,2020-03-20 20:40:37,c28370128,일반,3.0G
-,<기생충.PARASITE .2020> 초고화질한국아카데미 작품상감독상봉준호감독송강호조여정골든글로브칸 황금종려상명작,best108,위디스크,http://www.wedisk.co.kr/wediskNew/contentsView.do?contentsID=29192979,2020-03-20 20:40:37,c29192979,일반,4.1G
-,[720p] 기생충 PARASITE.2019.720p.HDRip.H264.AAC-NonDRM 봉준호 송강호 이선균 조여정 최우식 박소담 정지소,밀라,위디스크,http://www.wedisk.co.kr/wediskNew/contentsView.do?contentsID=29081507,2020-03-20 20:40:37,c29081507,한국영화,3.0G
-,(한국 영화)기생충(PARASITE)(2019),tkn37,위디스크,http://www.wedisk.co.kr/wediskNew/contentsView.do?contentsID=29306768,2020-03-20 20:40:37,c29306768,한국영화,6.6G
-,[720p] 기생충 2019 송강호 이선균 조여정 박소담 5,방송원본,위디스크,http://www.wedisk.co.kr/wediskNew/contentsView.do?contentsID=29304649,2020-03-20 20:40:37,c29304649,한국영화,9.6G
-,[BR 1080p] 기생충 Parasite.2019.INTERNAL.1080p.BluRay.X264-AMIABLE,navelious,위디스크,http://www.wedisk.co.kr/wediskNew/contentsView.do?contentsID=29301935,2020-03-20 20:40:37,c29301935,한국영화,20G
-,[아카데미 수상기념] 봉준호 감독 기생충  Parasite 2019 1080p ,greetall,위디스크,http://www.wedisk.co.kr/wediskNew/contentsView.do?contentsID=29187784,2020-03-20 20:40:37,c29187784,한국영화,2.4G
-,[ 기생충 _ 정품 Full HD 1080p ] 송강호이선균조여정최우식박소담,뽕신,위디스크,http://www.wedisk.co.kr/wediskNew/contentsView.do?contentsID=28347071,2020-03-20 20:40:37,c28347071,일반,5.0G
-,봉준호 감독 [ 기생충 ] 송강호 조여정 이선균 ,버팔로66,위디스크,http://www.wedisk.co.kr/wediskNew/contentsView.do?contentsID=28802896,2020-03-20 20:40:37,c28802896,일반,3.8G
-,[720p] 기생충 2019 송강호 이선균 조여정 박소담 4,방송원본,위디스크,http://www.wedisk.co.kr/wediskNew/contentsView.do?contentsID=29249334,2020-03-20 20:40:37,c29249334,한국영화,9.6G
-,2019 기생충 - 송강호이선균조여정최우식박소담,제너시스,위디스크,http://www.wedisk.co.kr/wediskNew/contentsView.do?contentsID=29246104,2020-03-20 20:40:37,c29246104,한국영화,5.0G
-,(한국영화)기생충...송강호..이선균..조여정..최우식..박소담..이정은..장혜진..박명훈..주연,gadkds,위디스크,http://www.wedisk.co.kr/wediskNew/contentsView.do?contentsID=29230140,2020-03-20 20:40:37,c29230140,한국영화,2.4G
-,[기생충]HD 봉준호 감독 충격 행복은 나눌수록 커지잖아요,mbaro,위디스크,http://www.wedisk.co.kr/wediskNew/contentsView.do?contentsID=28348704,2020-03-20 20:40:37,c28348704,일반,1.8G
-,[기생충]HD 송강호 이선균 조여정 최우식 박소담,ininokok,위디스크,http://www.wedisk.co.kr/wediskNew/contentsView.do?contentsID=28349231,2020-03-20 20:40:37,c28349231,일반,1.8G
-,[기생충]HD 봉준호 칸영화제 황금종려상 송강호 이선균,mbaro,위디스크,http://www.wedisk.co.kr/wediskNew/contentsView.do?contentsID=28348717,2020-03-20 20:40:37,c28348717,일반,3.3G
-,[기생충]HD 송강호 이선균 조여정 최우식 박소담,mbaro,위디스크,http://www.wedisk.co.kr/wediskNew/contentsView.do?contentsID=28348720,2020-03-20 20:40:37,c28348720,일반,1.8G
-,[BDrip] 기생충(Parasite) 2019.1080p (송강호박소담최우식이선균),ips202spi,위디스크,http://www.wedisk.co.kr/wediskNew/contentsView.do?contentsID=29217082,2020-03-20 20:40:37,c29217082,한국영화,3.7G
-,기생충(Parasite) 2019.1080p.BluRay (송강호박소담최우식이선균),ips202spi,위디스크,http://www.wedisk.co.kr/wediskNew/contentsView.do?contentsID=29217076,2020-03-20 20:40:37,c29217076,한국영화,12G
-,[ 기생충 ] 1080p Bluray 고화질 - 봉준호 감독 - 송강호 조여정 이선균,버팔로66,위디스크,http://www.wedisk.co.kr/wediskNew/contentsView.do?contentsID=29206357,2020-03-20 20:40:37,c29206357,한국영화,12G
-,[FHD] 기생충.2019.1080p.아카데미_작품상_각본상_국제장편영화상_감독상 4관왕!,bbongs1,위디스크,http://www.wedisk.co.kr/wediskNew/contentsView.do?contentsID=29158792,2020-03-20 20:40:37,c29158792,일반,5.0G
-,[FHD]기생충 - 영문자막 내장. Parasite.2019.1080p.10bit.BluRay.8CH.x265.HEVC-PSA,liven,위디스크,http://www.wedisk.co.kr/wediskNew/contentsView.do?contentsID=29206145,2020-03-20 20:40:37,c29206145,일반,1.7G
-,[HD]기생충 - 행복은 나눌수록 커지잖아요..PARASITE.2019.720p.HDRip.H264.AAC-NonDRM,liven,위디스크,http://www.wedisk.co.kr/wediskNew/contentsView.do?contentsID=28914378,2020-03-20 20:40:37,c28914378,일반,3.0G
-,오스카 시상식 수상작! [기생충] 1080p.FHDRip.H264.AAC,만재정,위디스크,http://www.wedisk.co.kr/wediskNew/contentsView.do?contentsID=29163687,2020-03-20 20:40:37,c29163687,일반,5.0G
-,[720p] 기생충 2019 송강호 이선균 조여정 박소담 3,방송원본,위디스크,http://www.wedisk.co.kr/wediskNew/contentsView.do?contentsID=29197336,2020-03-20 20:40:37,c29197336,한국영화,9.6G
-,[FHD] 기생충..행복은 나눌수록 커지잖아요.영자막 내장.Parasite.2019.1080p.HDRip.X264.AC3-EVO,liven,위디스크,http://www.wedisk.co.kr/wediskNew/contentsView.do?contentsID=28405531,2020-03-20 20:40:37,c28405531,일반,2.8G
-,[ 기생충 2019 ] 송강호 PARASITE.2019.1080p.FHDRip.H264.AAC,영화드라마방,위디스크,http://www.wedisk.co.kr/wediskNew/contentsView.do?contentsID=28364512,2020-03-20 20:40:37,c28364512,일반,5.0G
-,[720p] 기생충의 최우식 주연 거인 Set.Me.Free.2014.720p.HDRip.X264-CJCONTENTS 김수현 박주희 김태용 신재하 강신철,밀라,위디스크,http://www.wedisk.co.kr/wediskNew/contentsView.do?contentsID=28090444,2020-03-20 20:40:37,c28090444,한국영화,3.2G
-,[미리보기][한국영화] 기생충 (송강호 이선균 조여정 최우식 박소담 장혜진 이정은 박명훈 정지소),나는업로더다,위디스크,http://www.wedisk.co.kr/wediskNew/contentsView.do?contentsID=29182570,2020-03-20 20:40:37,c29182570,일반,35G
-,[미리보기][한국영화] 기생충 (송강호 이선균 조여정 최우식 박소담 장혜진 이정은 박명훈 정지소),나는업로더다,위디스크,http://www.wedisk.co.kr/wediskNew/contentsView.do?contentsID=29182343,2020-03-20 20:40:37,c29182343,일반,9.8G
-,[미리보기][한국영화] 기생충 (송강호 이선균 조여정 최우식 박소담 장혜진 이정은 박명훈 정지소),나는업로더다,위디스크,http://www.wedisk.co.kr/wediskNew/contentsView.do?contentsID=29175010,2020-03-20 20:40:37,c29175010,일반,1.6G
-,(고화질)2020년 아카데미4개부문석권축하-송강호.조여정.이선균[ 기 생 충 ]1080P,빈센트류,위디스크,http://www.wedisk.co.kr/wediskNew/contentsView.do?contentsID=29172224,2020-03-20 20:40:37,c29172224,일반,2.4G
-,봉준호 감독 [ 기생충 ] 송강호 조여정 이선균 ,버팔로66,위디스크,http://www.wedisk.co.kr/wediskNew/contentsView.do?contentsID=29161150,2020-03-20 20:40:37,c29161150,한국영화,3.0G
-,봉준호 감독 [ 기생충 ] 송강호 조여정 이선균 ,버팔로66,위디스크,http://www.wedisk.co.kr/wediskNew/contentsView.do?contentsID=29011525,2020-03-20 20:40:37,c29011525,한국영화,5.0G
-,[2019봉준호감독작품] 기생충 (2019),mosummer,위디스크,http://www.wedisk.co.kr/wediskNew/contentsView.do?contentsID=28805772,2020-03-20 20:40:37,c28805772,일반,15G
-,[720p] 기생충 2019 송강호 이선균 조여정 박소담 2,방송원본,위디스크,http://www.wedisk.co.kr/wediskNew/contentsView.do?contentsID=29147604,2020-03-20 20:40:37,c29147604,한국영화,9.6G
-,[1080P] 기생충 (PARASITE 2019)-DVDRip,콩이달려,위디스크,http://www.wedisk.co.kr/wediskNew/contentsView.do?contentsID=28938431,2020-03-20 20:40:37,c28938431,일반,12G
-,[720p] 기생충 2019 송강호 이선균 조여정 박소담,방송원본,위디스크,http://www.wedisk.co.kr/wediskNew/contentsView.do?contentsID=29096131,2020-03-20 20:40:37,c29096131,한국영화,5.5G
-,[영화]기생충 Parasite 2019 [1080p],srlim8853,위디스크,http://www.wedisk.co.kr/wediskNew/contentsView.do?contentsID=29085709,2020-03-20 20:40:37,c29085709,한국영화,2.8G
-,[FHD]기생충.대작.송강호.이선균.조여정.최우식.박소담 1080p HDRip H264,tz8872,위디스크,http://www.wedisk.co.kr/wediskNew/contentsView.do?contentsID=29046389,2020-03-20 20:40:37,c29046389,한국영화,3.6G
-,FHD [ 기생충 ] - 송강호 이선균 - [1080p.고화질.mp4],보증기간,위디스크,http://www.wedisk.co.kr/wediskNew/contentsView.do?contentsID=29021885,2020-03-20 20:40:37,c29021885,일반,5.0G
-,(2020년 아카데미상5개부분후보작)ㅊㅋㅊㅋ[: ㄱ ㅣ 생 충 :]1080P,빈센트류,위디스크,http://www.wedisk.co.kr/wediskNew/contentsView.do?contentsID=29012788,2020-03-20 20:40:37,c29012788,일반,1.7G
-,[ 기생충 ] 2019 송강호 이선균 조여정 평점 8.5,finalday2002,위디스크,http://www.wedisk.co.kr/wediskNew/contentsView.do?contentsID=28498124,2020-03-20 20:40:37,c28498124,일반,3.0G
-,[720P] 벌레들의 역습 [:: ㄱ ㅣ 생 충 - 더 소우 ::] (한글자막),이어보기,위디스크,http://www.wedisk.co.kr/wediskNew/contentsView.do?contentsID=27343828,2020-03-20 20:40:37,c27343828,공포,3.0G
-,2019년 황금종려상수상-송강호이선균조여정[:기.생.충 :]1080p..BluRay (2),빈센트류,위디스크,http://www.wedisk.co.kr/wediskNew/contentsView.do?contentsID=28955098,2020-03-20 20:40:37,c28955098,일반,1.7G
-,기생충.PARASITE.2019.1080p.FHDRip.H264.AAC,darktemplar,위디스크,http://www.wedisk.co.kr/wediskNew/contentsView.do?contentsID=28535159,2020-03-20 20:40:37,c28535159,일반,5.0G
-,기생충.PARASITE.2019.1080p.FHDRip.H264.AAC,darktemplar,위디스크,http://www.wedisk.co.kr/wediskNew/contentsView.do?contentsID=28535159,2020-03-20 20:40:37,c28535159,일반,5.0G
-,[봉준호 감독/고화질]기생충 PARASITE2019 ,ftloghey,위디스크,http://www.wedisk.co.kr/wediskNew/contentsView.do?contentsID=28877264,2020-03-20 20:40:37,c28877264,일반,2.4G
-,봉준호영화] 기생충 (송강호이선균조여정),힐링방송,위디스크,http://www.wedisk.co.kr/wediskNew/contentsView.do?contentsID=28348381,2020-03-20 20:40:37,c28348381,일반,5.0G
-,2019년 영화제 싹쓸이!(조여정주연)-[: 조여정의 ㄱ ㅣ   생  충  : ]BluRay.1080p.,빈센트류,위디스크,http://www.wedisk.co.kr/wediskNew/contentsView.do?contentsID=28819208,2020-03-20 20:40:37,c28819208,일반,1.7G
-,기생충 (2019) 봉준호 감독 송강호 주연 이선균 주연 영어자막,chol7602,위디스크,http://www.wedisk.co.kr/wediskNew/contentsView.do?contentsID=28810087,2020-03-20 20:40:37,c28810087,일반,5.0G
-,백수가족과 글벌 기업 가족의 만남!  " 기생충 "[드라마]송강호.이선균.조여정.,lmg19732001,위디스크,http://www.wedisk.co.kr/wediskNew/contentsView.do?contentsID=28808572,2020-03-20 20:40:37,c28808572,일반,2.3G
-,[1080P] 기생충 (PARASITE 2019)-DVDRip,콩이달려,위디스크,http://www.wedisk.co.kr/wediskNew/contentsView.do?contentsID=28368448,2020-03-20 20:40:37,c28368448,일반,5.0G
-,기생충.2019.KORAEN.720p.BluRay.H264.AAC-VXT,kis2393,위디스크,http://www.wedisk.co.kr/wediskNew/contentsView.do?contentsID=28801866,2020-03-20 20:40:37,c28801866,일반,1.6G
-,[--- 기생충 ---] 송강호 - 정품.초고화질 ,kok5584,위디스크,http://www.wedisk.co.kr/wediskNew/contentsView.do?contentsID=28347675,2020-03-20 20:40:37,c28347675,일반,5.0G
-,봉준호 감독 [ 기생충 ] 송강호 조여정 이선균,버팔로66,위디스크,http://www.wedisk.co.kr/wediskNew/contentsView.do?contentsID=28710205,2020-03-20 20:40:37,c28710205,일반,3.6G
-,봉준호 감독 [ 기생충 ] 송강호 조여정 이선균,버팔로66,위디스크,http://www.wedisk.co.kr/wediskNew/contentsView.do?contentsID=28695961,2020-03-20 20:40:37,c28695961,일반,3.0G
-,봉준호 감독 [ 기생충 ] 송강호 조여정 이선균,버팔로66,위디스크,http://www.wedisk.co.kr/wediskNew/contentsView.do?contentsID=28467170,2020-03-20 20:40:37,c28467170,일반,2.4G
-,천만달성 2 0 1 9 [  기 생 충 ] 평점 9.06 봉준호 감독 송강호 주연 -@검은냥이,eoghks3518,위디스크,http://www.wedisk.co.kr/wediskNew/contentsView.do?contentsID=28597789,2020-03-20 20:40:37,c28597789,일반,2.4G
-,[ 기생충 PARASITE ]2019.1080p.FHDRip.H264.AAC-NonDRM,리틀아리,위디스크,http://www.wedisk.co.kr/wediskNew/contentsView.do?contentsID=28370130,2020-03-20 20:40:37,c28370130,일반,2.4G
-,기생충 (PARASITE 2019),푸른바다별,위디스크,http://www.wedisk.co.kr/wediskNew/contentsView.do?contentsID=28472054,2020-03-20 20:40:37,c28472054,일반,2.4G
-,드디어 떳다 봉준호 [ 2019 기생충 ] FHD1080p 초고화질 [ 송강호 이선균 ],mcdb,위디스크,http://www.wedisk.co.kr/wediskNew/contentsView.do?contentsID=28353074,2020-03-20 20:40:37,c28353074,일반,5.0G
-,미국판 기생충 내 집안의 이방인이 살고 있다 - 인터루더 2019,크봉,위디스크,http://www.wedisk.co.kr/wediskNew/contentsView.do?contentsID=28428743,2020-03-20 20:40:37,c28428743,공포,1.4G
-,[기생충]HD 송강호 이선균 조여정 최우식 박소담,momimoo,위디스크,http://www.wedisk.co.kr/wediskNew/contentsView.do?contentsID=28373073,2020-03-20 20:40:37,c28373073,일반,1.8G
-,[ 기생충 _ 최고화질 ] 송강호 이선균 조여정 최우식 박소담. 행복은 나눌수록 커지잖아요!,메뚝이너,위디스크,http://www.wedisk.co.kr/wediskNew/contentsView.do?contentsID=28351082,2020-03-20 20:40:37,c28351082,일반,3.0G
-,기생충[드라마][송강호 주연][고화질 1080P],xormrwh001,위디스크,http://www.wedisk.co.kr/wediskNew/contentsView.do?contentsID=28351550,2020-03-20 20:40:37,c28351550,일반,5.0G
-,2 0 1 9 FHD [ 기 생 충 ] 송 강 호 이 선 균 조 여 정 정 식 원 본 1080P,sondan,위디스크,http://www.wedisk.co.kr/wediskNew/contentsView.do?contentsID=28349621,2020-03-20 20:40:37,c28349621,일반,3.8G
-,기생충 1080p 네이버 정식,pkmy421,위디스크,http://www.wedisk.co.kr/wediskNew/contentsView.do?contentsID=28348133,2020-03-20 20:40:37,c28348133,일반,5.0G
-,[발킬머주연!지구온난화로인한재난!빙하시대기생충의역습!]더 소우-해빙The ThawDVD.,wilddog35,위디스크,http://www.wedisk.co.kr/wediskNew/contentsView.do?contentsID=13247476,2020-03-20 20:40:37,c13247476,공포,1.4G
-,[SF공포] 기생충 감염 - 더 베이 - [한글자막],가리오스,위디스크,http://www.wedisk.co.kr/wediskNew/contentsView.do?contentsID=20724268,2020-03-20 20:40:37,c20724268,공포,2.5G
-,[공포] 공포의 기생충 ** 더 베이 (The bay) ** 한글자막,fjtpf,위디스크,http://www.wedisk.co.kr/wediskNew/contentsView.do?contentsID=23804084,2020-03-20 20:40:37,c23804084,공포,2.5G
-,[1080p] 스타쉽트루퍼스2 기생충 괴물의 탄생,migdinod,위디스크,http://www.wedisk.co.kr/wediskNew/contentsView.do?contentsID=16780469,2020-03-20 20:40:37,c16780469,판타지,15G
겨울왕국2,2020년02월. 우 리 말 더 빙 (( 겨 울 왕 국 2 )) 1080p 싱어롱버전,돌업로더,위디스크,http://www.wedisk.co.kr/wediskNew/contentsView.do?contentsID=29350730,2020-03-20 20:40:37,c29350730,일반,2.7G
-,2020년02월. 초고화질 (( 겨 울 왕 국 2 )) 1080p 완벽한글자막,돌업로더,위디스크,http://www.wedisk.co.kr/wediskNew/contentsView.do?contentsID=29350726,2020-03-20 20:40:37,c29350726,일반,3.6G
-,[겨울왕국 2(Frozen 2 2019)] 1080p 초고화질 / 정식한글자막,더지니어스,위디스크,http://www.wedisk.co.kr/wediskNew/contentsView.do?contentsID=29359377,2020-03-20 20:40:37,c29359377,판타지,3.6G
-,2020년02월. 블루레이 정식릴 우리말더빙 [ 겨 울 왕 국 2 ] 엘사안나 1080p,jjjhyeok,위디스크,http://www.wedisk.co.kr/wediskNew/contentsView.do?contentsID=29357390,2020-03-20 20:40:37,c29357390,일반,1.9G
-,[최신작]겨울왕국2와 흥행대결하는 신작애니[ 백 ㅅㅏ 연 ㄱㅣ ]자체한글자막,열린영화,위디스크,http://www.wedisk.co.kr/wediskNew/contentsView.do?contentsID=28979300,2020-03-20 20:40:37,c28979300,일반,3.1G
-,[겨울왕국 2(Frozen 2 2019)] 1080p 초고화질 / 우리말 더빙,더지니어스,위디스크,http://www.wedisk.co.kr/wediskNew/contentsView.do?contentsID=29357302,2020-03-20 20:40:37,c29357302,판타지,3.4G
-,2020년02월. 우리말더빙 ( 겨 울 왕 국 2 ) 1080p 싱어롱버전,돌로더,위디스크,http://www.wedisk.co.kr/wediskNew/contentsView.do?contentsID=29357146,2020-03-20 20:40:37,c29357146,일반,3.6G
-,2020년02월. 초고화질 완벽한글 ( 겨 울 왕 국 2 ) 1080p,돌로더,위디스크,http://www.wedisk.co.kr/wediskNew/contentsView.do?contentsID=29357140,2020-03-20 20:40:37,c29357140,일반,2.0G
-,2020년02월. 블루레이 우리말더빙 [ 겨 울 왕 국 2 ] 1080p,돌드리치,위디스크,http://www.wedisk.co.kr/wediskNew/contentsView.do?contentsID=29356990,2020-03-20 20:40:37,c29356990,일반,2.1G
-,2020년02월. 초고화질 [ 겨 울 왕 국 2 ] 1080p 완벽한글자막,돌드리치,위디스크,http://www.wedisk.co.kr/wediskNew/contentsView.do?contentsID=29356986,2020-03-20 20:40:37,c29356986,일반,3.6G
-,2020년02월. 초고화질 우리말더빙 [( 겨 울 왕 국 2 )] 1080p,호나우돌,위디스크,http://www.wedisk.co.kr/wediskNew/contentsView.do?contentsID=29350356,2020-03-20 20:40:37,c29350356,일반,3.4G
-,2020년02월. 초 고 화 질 [( 겨 울 왕 국 2 )] 1080p 한글자막,호나우돌,위디스크,http://www.wedisk.co.kr/wediskNew/contentsView.do?contentsID=29350352,2020-03-20 20:40:37,c29350352,일반,1.4G
-,[최신작]겨울왕국2와 흥행대결하는 신작애니[ 백 ㅅㅏ 연 ㄱㅣ ]자체한글자막,존자료,위디스크,http://www.wedisk.co.kr/wediskNew/contentsView.do?contentsID=28967479,2020-03-20 20:40:37,c28967479,일반,3.1G
-,[최신작]겨울왕국2와 흥행대결하는 신작애니[ 백 ㅅㅏ 연 ㄱㅣ ]자체한글자막,니자료,위디스크,http://www.wedisk.co.kr/wediskNew/contentsView.do?contentsID=28967386,2020-03-20 20:40:37,c28967386,일반,3.1G
-,2O2O.(2오디오/영음/한국어더빙) [:: ㄱㅕ 울 왕 국 2 ::] 초고화질 (한글자막포함),이어보기,위디스크,http://www.wedisk.co.kr/wediskNew/contentsView.do?contentsID=29348898,2020-03-20 20:40:37,c29348898,일반,2.1G
-,2020년02월. 블루레이 정식릴 완벽자막 [ 겨 울 왕 국 2 ] 엘사안나 1080p,jjjhyeok,위디스크,http://www.wedisk.co.kr/wediskNew/contentsView.do?contentsID=29349010,2020-03-20 20:40:37,c29349010,일반,2.0G
-,(안보면후회) 애니영화 [ 겨울왕국2와 흥행격돌 ]ㅡ백사,명품천사,위디스크,http://www.wedisk.co.kr/wediskNew/contentsView.do?contentsID=28977007,2020-03-20 20:40:38,c28977007,일반,3.1G
-,[11월] 흥행격돌 [ 겨울왕국2와 맞대결 ] 나타의 흥행을 이어.FHD.1080P,치맥과함께,위디스크,http://www.wedisk.co.kr/wediskNew/contentsView.do?contentsID=28886961,2020-03-20 20:40:38,c28886961,일반,3.1G
-,[초고화질] 애니영화 흥행격돌! ( 겨울왕국2와 맞대결 ) - 나타의 흥행을 이어서 -,이거바바,위디스크,http://www.wedisk.co.kr/wediskNew/contentsView.do?contentsID=28814838,2020-03-20 20:40:38,c28814838,액션,3.1G
-,(안보면후회) 애니영화 [ 겨울왕국2와 흥행격돌 ]ㅡ백사,명품천사,위디스크,http://www.wedisk.co.kr/wediskNew/contentsView.do?contentsID=28977007,2020-03-20 20:40:38,c28977007,일반,3.1G
-,[11월] 흥행격돌 [ 겨울왕국2와 맞대결 ] 나타의 흥행을 이어.FHD.1080P,치맥과함께,위디스크,http://www.wedisk.co.kr/wediskNew/contentsView.do?contentsID=28886961,2020-03-20 20:40:38,c28886961,일반,3.1G
-,[초고화질] 애니영화 흥행격돌! ( 겨울왕국2와 맞대결 ) - 나타의 흥행을 이어서 -,이거바바,위디스크,http://www.wedisk.co.kr/wediskNew/contentsView.do?contentsID=28814838,2020-03-20 20:40:38,c28814838,액션,3.1G
시동,[FHD] 시동 - 마동석 정해인 박정민 염정아 초고화질 1080p,hgmg12,위디스크,http://www.wedisk.co.kr/wediskNew/contentsView.do?contentsID=29019983,2020-03-20 20:40:39,c29019983,한국영화,3.9G
-,실어증에 걸린 형수!!시동생의 섹스치료로 말문이 터질것인가!!?? ,존자료,위디스크,http://www.wedisk.co.kr/wediskNew/contentsView.do?contentsID=28528827,2020-03-20 20:40:39,c28528827,일반,2.6G
-,[ 시동 1080p ] 마동석 박정민 정해인 염정아 최성은 (2019),ruli,위디스크,http://www.wedisk.co.kr/wediskNew/contentsView.do?contentsID=29022105,2020-03-20 20:40:39,c29022105,한국영화,3.9G
-,실어증에 걸린 형수!!시동생의 섹스치료로 말문이 터질것인가!!?? ,니자료,위디스크,http://www.wedisk.co.kr/wediskNew/contentsView.do?contentsID=28537155,2020-03-20 20:40:39,c28537155,일반,2.6G
-,[ 시 동 ] 1080p 고화질 ( START-UP ) 마동석 박정민 정해인 염정아 최성은,남궁초원,위디스크,http://www.wedisk.co.kr/wediskNew/contentsView.do?contentsID=29258789,2020-03-20 20:40:39,c29258789,한국영화,3.9G
-,시동.START-UP.2019.1080p.FHDRip.H264.AAC,예린김,위디스크,http://www.wedisk.co.kr/wediskNew/contentsView.do?contentsID=29344885,2020-03-20 20:40:39,c29344885,일반,3.9G
-,1080p-[ 시동 _ 초특급화질 ] 최성은 염정아 정해인 박정민 마동석. 일단 한번 살아보는 거야!,메뚝이너,위디스크,http://www.wedisk.co.kr/wediskNew/contentsView.do?contentsID=29020788,2020-03-20 20:40:39,c29020788,한국영화,3.9G
-,마동석 박정민 <- 시 동 -> 정해인 염정아[ 재미와 감동이 부릉부릉],일본여포,위디스크,http://www.wedisk.co.kr/wediskNew/contentsView.do?contentsID=29021716,2020-03-20 20:40:39,c29021716,한국영화,3.9G
-,"인생 뭐 있어?"일단 한번 살아보는 거야! 시동 START-UP 2019,한강위의포뇨,위디스크,http://www.wedisk.co.kr/wediskNew/contentsView.do?contentsID=29323934,2020-03-20 20:40:39,c29323934,한국영화,3.9G
-,[제휴_공식릴] 시동 (START-UP 2019),hyh78,위디스크,http://www.wedisk.co.kr/wediskNew/contentsView.do?contentsID=29297250,2020-03-20 20:40:39,c29297250,한국영화,3.9G
-,3월 단발머리 동석형의 부르릉 [ 시 동 ],시네마디스크,위디스크,http://www.wedisk.co.kr/wediskNew/contentsView.do?contentsID=29288350,2020-03-20 20:40:39,c29288350,일반,3.9G
-,[시동]사람 만들어 드립니다,gangadi1,위디스크,http://www.wedisk.co.kr/wediskNew/contentsView.do?contentsID=29019254,2020-03-20 20:40:39,c29019254,일반,2.6G
-,[시동]누구나 인생은 처음이잖아요,cloudy81,위디스크,http://www.wedisk.co.kr/wediskNew/contentsView.do?contentsID=29019023,2020-03-20 20:40:39,c29019023,한국영화,2.6G
-,2019 시동 - 마동석박정민정해인염정아최성은,제너시스,위디스크,http://www.wedisk.co.kr/wediskNew/contentsView.do?contentsID=29252668,2020-03-20 20:40:39,c29252668,한국영화,3.9G
-,시동 START-UP.2019.1080p.FHDRip.H264.AAC-NonDRM,weloveman445,위디스크,http://www.wedisk.co.kr/wediskNew/contentsView.do?contentsID=29223780,2020-03-20 20:40:39,c29223780,한국영화,4.1G
-,[ 시동 ] 마동석 박정민 정해인 염정아,버팔로66,위디스크,http://www.wedisk.co.kr/wediskNew/contentsView.do?contentsID=29221582,2020-03-20 20:40:39,c29221582,한국영화,3.3G
-,시동 (START-UP 2019),푸른바다별,위디스크,http://www.wedisk.co.kr/wediskNew/contentsView.do?contentsID=29220318,2020-03-20 20:40:39,c29220318,일반,2.0G
-,[시동]박정민 염정아 주연인생 뭐 있어 일단 한번 살아보는 거야,sihyug,위디스크,http://www.wedisk.co.kr/wediskNew/contentsView.do?contentsID=29057730,2020-03-20 20:40:39,c29057730,한국영화,2.6G
-,[ 시동 ] 마동석 박정민 정해인 염정아,버팔로66,위디스크,http://www.wedisk.co.kr/wediskNew/contentsView.do?contentsID=29205426,2020-03-20 20:40:39,c29205426,한국영화,3.7G
-,2016 대부업자소울 앤 캐시 - 동방우박정학,제너시스,위디스크,http://www.wedisk.co.kr/wediskNew/contentsView.do?contentsID=29205073,2020-03-20 20:40:39,c29205073,한국영화,3.0G
-,시동.2019.1080p.마동석.정해인.박정민.START-UP.2019.1080p.FHDRip.H264.AAC-NonDRM.mp4,partyplanu,위디스크,http://www.wedisk.co.kr/wediskNew/contentsView.do?contentsID=29027218,2020-03-20 20:40:39,c29027218,한국영화,3.9G
-,(한국영화)시동...마동석..박정민..정혜인..염정아..최성은..김종수..윤경호..김경덕..주연,gadkds,위디스크,http://www.wedisk.co.kr/wediskNew/contentsView.do?contentsID=29195552,2020-03-20 20:40:39,c29195552,한국영화,3.9G
-,<시동.START-UP.2019> 초고화질한국마동석박정민정해인염정아최성은드라마수작코미디인기웹툰원작외유내강,best108,위디스크,http://www.wedisk.co.kr/wediskNew/contentsView.do?contentsID=29192960,2020-03-20 20:40:39,c29192960,일반,3.4G
-,[ 시동 ] 마동석 박정민 정해인 염정아,버팔로66,위디스크,http://www.wedisk.co.kr/wediskNew/contentsView.do?contentsID=29188795,2020-03-20 20:40:39,c29188795,한국영화,3.9G
-,[ - 시  동 - ] 재미와 감동이 부릉부릉 [ 마동석.박정민] 1080p,불성무물,위디스크,http://www.wedisk.co.kr/wediskNew/contentsView.do?contentsID=29149020,2020-03-20 20:40:39,c29149020,일반,3.9G
-,장풍반점 이상한 형 [ 시  동 ] 박정민 마동석 정해인,seong1207,위디스크,http://www.wedisk.co.kr/wediskNew/contentsView.do?contentsID=29121816,2020-03-20 20:40:39,c29121816,한국영화,3.5G
-,[시동]마동석 박정민 주연 사람 만들어 드립니다,daumer,위디스크,http://www.wedisk.co.kr/wediskNew/contentsView.do?contentsID=29057727,2020-03-20 20:40:39,c29057727,한국영화,2.6G
-,[시동]정해인 마동석 웃음과 감동으로 물들일 영화,kalisee,위디스크,http://www.wedisk.co.kr/wediskNew/contentsView.do?contentsID=29057729,2020-03-20 20:40:39,c29057729,한국영화,2.6G
-,[FullHD]시동.2019.1080p.FHD [마동석 박정민],lizard21,위디스크,http://www.wedisk.co.kr/wediskNew/contentsView.do?contentsID=29104013,2020-03-20 20:40:39,c29104013,한국영화,3.9G
-,[시동]누구나 인생은 처음이잖아요,hoding11,위디스크,http://www.wedisk.co.kr/wediskNew/contentsView.do?contentsID=29057724,2020-03-20 20:40:39,c29057724,한국영화,2.6G
-,[최신] 시동 (2019) 마동석 박정민,mosummer,위디스크,http://www.wedisk.co.kr/wediskNew/contentsView.do?contentsID=29098181,2020-03-20 20:40:39,c29098181,코미디,3.9G
-,[시동]재미와 감동이 부릉부릉,youareso,위디스크,http://www.wedisk.co.kr/wediskNew/contentsView.do?contentsID=29020193,2020-03-20 20:40:39,c29020193,일반,2.6G
-,[시동]염정아 정해인 재미와 감동이 부릉부릉,directing,위디스크,http://www.wedisk.co.kr/wediskNew/contentsView.do?contentsID=29057733,2020-03-20 20:40:39,c29057733,한국영화,2.6G
-,[ 시동 ] 마동석 박정민 정해인 START-UP.2019.1080p.FHDRip.H264.AAC,영화드라마방,위디스크,http://www.wedisk.co.kr/wediskNew/contentsView.do?contentsID=29023618,2020-03-20 20:40:39,c29023618,한국영화,3.9G
-,[시동] 염정아 정해인 재미와 감동이 부릉부릉~~~,ohdong77,위디스크,http://www.wedisk.co.kr/wediskNew/contentsView.do?contentsID=29065630,2020-03-20 20:40:39,c29065630,일반,3.4G
-,[ 시동 _ Full HD 1080p ] 정해인박정민마동석염정아,뽕신,위디스크,http://www.wedisk.co.kr/wediskNew/contentsView.do?contentsID=29021446,2020-03-20 20:40:39,c29021446,한국영화,4.1G
-,[ㅡ 시동 ㅡ] 부릉부릉~~ 마동석.정해인 초고화질,tz8872,위디스크,http://www.wedisk.co.kr/wediskNew/contentsView.do?contentsID=29041004,2020-03-20 20:40:39,c29041004,한국영화,3.6G
-,FHD [ 시동 ] - 마동석 박정민 - [1080p.고화질.mp4],보증기간,위디스크,http://www.wedisk.co.kr/wediskNew/contentsView.do?contentsID=29031966,2020-03-20 20:40:39,c29031966,일반,3.9G
-,시동.START-UP.2019.1080p.FHDRip.H264.AAC-NonDRM ut,bbongs1,위디스크,http://www.wedisk.co.kr/wediskNew/contentsView.do?contentsID=29034773,2020-03-20 20:40:39,c29034773,일반,3.9G
-,시동 2019 감독 최정열 출연 마동석 박정민 정해인 염정아 최성은,탱주,위디스크,http://www.wedisk.co.kr/wediskNew/contentsView.do?contentsID=29019993,2020-03-20 20:40:39,c29019993,한국영화,3.9G
-,시동.2019.720p.마동석.정해인.박정민START-UP.2019.720p.HDRip.H264.AAC-NonDRM.mp4,partyplanu,위디스크,http://www.wedisk.co.kr/wediskNew/contentsView.do?contentsID=29027191,2020-03-20 20:40:39,c29027191,한국영화,2.0G
-,(한국영화) 시동 START-UP.2019,아이돌52,위디스크,http://www.wedisk.co.kr/wediskNew/contentsView.do?contentsID=29026890,2020-03-20 20:40:39,c29026890,일반,3.9G
-,[ㅡ 시동 ㅡ] 부릉부릉. 마동석. 초고화질.1080p,kok5584,위디스크,http://www.wedisk.co.kr/wediskNew/contentsView.do?contentsID=29026402,2020-03-20 20:40:39,c29026402,한국영화,3.3G
-,2020.01 부릉부릉[ㅡ 시동 ㅡ] 마동석. 초고화질,kok5584,위디스크,http://www.wedisk.co.kr/wediskNew/contentsView.do?contentsID=29026066,2020-03-20 20:40:39,c29026066,한국영화,2.8G
-,시동 - 마동석 박정민 정해인 염정아,relius,위디스크,http://www.wedisk.co.kr/wediskNew/contentsView.do?contentsID=29023058,2020-03-20 20:40:39,c29023058,한국영화,2.0G
-,시동. 마동석 박정민 정혜인.START-UP.2019.720p.HDRip.H264.AAC-NonDRM,storyjc,위디스크,http://www.wedisk.co.kr/wediskNew/contentsView.do?contentsID=29022124,2020-03-20 20:40:39,c29022124,한국영화,2.0G
-,1월  [ 시 . 동 ] 중 국 집 주 방 장 마 뚱 석,검은도다리,위디스크,http://www.wedisk.co.kr/wediskNew/contentsView.do?contentsID=29019732,2020-03-20 20:40:39,c29019732,일반,3.6G
-,오버드라이브 - 시동이 걸리는 순간 브레이크는 없다! 누구보다 빠르게 거침없이 질주하라! 전설의 스포츠카 페라리를 얻기 위한 화끈한 한탕!,smith522,위디스크,http://www.wedisk.co.kr/wediskNew/contentsView.do?contentsID=28810537,2020-03-20 20:40:39,c28810537,액션,1.8G
-,시동을 걸면 멈출수가 없다.자동차 액션의 모든것.[논스톱 분노의 질주],굳뜨업로더,위디스크,http://www.wedisk.co.kr/wediskNew/contentsView.do?contentsID=20789497,2020-03-20 20:40:40,c20789497,일반,2.3G
-,[논스톱 분노의 질주] 시동을 걸면 멈출수가 없다.자동차 액션의 모든것,굳뜨업로더,위디스크,http://www.wedisk.co.kr/wediskNew/contentsView.do?contentsID=22264100,2020-03-20 20:40:40,c22264100,일반,1.2G
-,[논스톱 분노의 질주] 시동을 걸면 멈출수가 없다.자동차 액션의 모든것,굳뜨업로더,위디스크,http://www.wedisk.co.kr/wediskNew/contentsView.do?contentsID=22372865,2020-03-20 20:40:40,c22372865,일반,1.3G
-,허비 첫 시동을 걸다(2005),sky7979,위디스크,http://www.wedisk.co.kr/wediskNew/contentsView.do?contentsID=20641130,2020-03-20 20:40:40,c20641130,코미디,699M
-,[린제이로한] 허비 첫 시동을 걸다 (Herbie: Fully Loaded 2005)유쾌판타지/코미디,ssocoooool,위디스크,http://www.wedisk.co.kr/wediskNew/contentsView.do?contentsID=5610873,2020-03-20 20:40:40,c5610873,코미디,699M
-,[제휴_공식릴] 시동 (START-UP 2019),hyh78,위디스크,http://www.wedisk.co.kr/wediskNew/contentsView.do?contentsID=29297250,2020-03-20 20:40:40,c29297250,한국영화,3.9G
-,3월 단발머리 동석형의 부르릉 [ 시 동 ],시네마디스크,위디스크,http://www.wedisk.co.kr/wediskNew/contentsView.do?contentsID=29288350,2020-03-20 20:40:40,c29288350,일반,3.9G
-,[시동]사람 만들어 드립니다,gangadi1,위디스크,http://www.wedisk.co.kr/wediskNew/contentsView.do?contentsID=29019254,2020-03-20 20:40:40,c29019254,일반,2.6G
-,[시동]누구나 인생은 처음이잖아요,cloudy81,위디스크,http://www.wedisk.co.kr/wediskNew/contentsView.do?contentsID=29019023,2020-03-20 20:40:40,c29019023,한국영화,2.6G
-,2019 시동 - 마동석박정민정해인염정아최성은,제너시스,위디스크,http://www.wedisk.co.kr/wediskNew/contentsView.do?contentsID=29252668,2020-03-20 20:40:40,c29252668,한국영화,3.9G
-,시동 START-UP.2019.1080p.FHDRip.H264.AAC-NonDRM,weloveman445,위디스크,http://www.wedisk.co.kr/wediskNew/contentsView.do?contentsID=29223780,2020-03-20 20:40:40,c29223780,한국영화,4.1G
-,[ 시동 ] 마동석 박정민 정해인 염정아,버팔로66,위디스크,http://www.wedisk.co.kr/wediskNew/contentsView.do?contentsID=29221582,2020-03-20 20:40:40,c29221582,한국영화,3.3G
-,시동 (START-UP 2019),푸른바다별,위디스크,http://www.wedisk.co.kr/wediskNew/contentsView.do?contentsID=29220318,2020-03-20 20:40:40,c29220318,일반,2.0G
-,[시동]박정민 염정아 주연인생 뭐 있어 일단 한번 살아보는 거야,sihyug,위디스크,http://www.wedisk.co.kr/wediskNew/contentsView.do?contentsID=29057730,2020-03-20 20:40:40,c29057730,한국영화,2.6G
-,[ 시동 ] 마동석 박정민 정해인 염정아,버팔로66,위디스크,http://www.wedisk.co.kr/wediskNew/contentsView.do?contentsID=29205426,2020-03-20 20:40:40,c29205426,한국영화,3.7G
-,2016 대부업자소울 앤 캐시 - 동방우박정학,제너시스,위디스크,http://www.wedisk.co.kr/wediskNew/contentsView.do?contentsID=29205073,2020-03-20 20:40:40,c29205073,한국영화,3.0G
-,시동.2019.1080p.마동석.정해인.박정민.START-UP.2019.1080p.FHDRip.H264.AAC-NonDRM.mp4,partyplanu,위디스크,http://www.wedisk.co.kr/wediskNew/contentsView.do?contentsID=29027218,2020-03-20 20:40:40,c29027218,한국영화,3.9G
-,(한국영화)시동...마동석..박정민..정혜인..염정아..최성은..김종수..윤경호..김경덕..주연,gadkds,위디스크,http://www.wedisk.co.kr/wediskNew/contentsView.do?contentsID=29195552,2020-03-20 20:40:40,c29195552,한국영화,3.9G
-,<시동.START-UP.2019> 초고화질한국마동석박정민정해인염정아최성은드라마수작코미디인기웹툰원작외유내강,best108,위디스크,http://www.wedisk.co.kr/wediskNew/contentsView.do?contentsID=29192960,2020-03-20 20:40:40,c29192960,일반,3.4G
-,[ 시동 ] 마동석 박정민 정해인 염정아,버팔로66,위디스크,http://www.wedisk.co.kr/wediskNew/contentsView.do?contentsID=29188795,2020-03-20 20:40:40,c29188795,한국영화,3.9G
-,[ - 시  동 - ] 재미와 감동이 부릉부릉 [ 마동석.박정민] 1080p,불성무물,위디스크,http://www.wedisk.co.kr/wediskNew/contentsView.do?contentsID=29149020,2020-03-20 20:40:40,c29149020,일반,3.9G
-,장풍반점 이상한 형 [ 시  동 ] 박정민 마동석 정해인,seong1207,위디스크,http://www.wedisk.co.kr/wediskNew/contentsView.do?contentsID=29121816,2020-03-20 20:40:40,c29121816,한국영화,3.5G
-,[시동]마동석 박정민 주연 사람 만들어 드립니다,daumer,위디스크,http://www.wedisk.co.kr/wediskNew/contentsView.do?contentsID=29057727,2020-03-20 20:40:40,c29057727,한국영화,2.6G
-,[시동]정해인 마동석 웃음과 감동으로 물들일 영화,kalisee,위디스크,http://www.wedisk.co.kr/wediskNew/contentsView.do?contentsID=29057729,2020-03-20 20:40:40,c29057729,한국영화,2.6G
-,[FullHD]시동.2019.1080p.FHD [마동석 박정민],lizard21,위디스크,http://www.wedisk.co.kr/wediskNew/contentsView.do?contentsID=29104013,2020-03-20 20:40:40,c29104013,한국영화,3.9G
-,[시동]누구나 인생은 처음이잖아요,hoding11,위디스크,http://www.wedisk.co.kr/wediskNew/contentsView.do?contentsID=29057724,2020-03-20 20:40:40,c29057724,한국영화,2.6G
-,[시동]재미와 감동이 부릉부릉,youareso,위디스크,http://www.wedisk.co.kr/wediskNew/contentsView.do?contentsID=29020193,2020-03-20 20:40:40,c29020193,일반,2.6G
-,[시동]염정아 정해인 재미와 감동이 부릉부릉,directing,위디스크,http://www.wedisk.co.kr/wediskNew/contentsView.do?contentsID=29057733,2020-03-20 20:40:40,c29057733,한국영화,2.6G
-,[ 시동 ] 마동석 박정민 정해인 START-UP.2019.1080p.FHDRip.H264.AAC,영화드라마방,위디스크,http://www.wedisk.co.kr/wediskNew/contentsView.do?contentsID=29023618,2020-03-20 20:40:40,c29023618,한국영화,3.9G
-,[시동] 염정아 정해인 재미와 감동이 부릉부릉~~~,ohdong77,위디스크,http://www.wedisk.co.kr/wediskNew/contentsView.do?contentsID=29065630,2020-03-20 20:40:40,c29065630,일반,3.4G
-,[ 시동 _ Full HD 1080p ] 정해인박정민마동석염정아,뽕신,위디스크,http://www.wedisk.co.kr/wediskNew/contentsView.do?contentsID=29021446,2020-03-20 20:40:40,c29021446,한국영화,4.1G
-,[ㅡ 시동 ㅡ] 부릉부릉~~ 마동석.정해인 초고화질,tz8872,위디스크,http://www.wedisk.co.kr/wediskNew/contentsView.do?contentsID=29041004,2020-03-20 20:40:40,c29041004,한국영화,3.6G
-,FHD [ 시동 ] - 마동석 박정민 - [1080p.고화질.mp4],보증기간,위디스크,http://www.wedisk.co.kr/wediskNew/contentsView.do?contentsID=29031966,2020-03-20 20:40:40,c29031966,일반,3.9G
-,시동.START-UP.2019.1080p.FHDRip.H264.AAC-NonDRM ut,bbongs1,위디스크,http://www.wedisk.co.kr/wediskNew/contentsView.do?contentsID=29034773,2020-03-20 20:40:40,c29034773,일반,3.9G
-,시동 2019 감독 최정열 출연 마동석 박정민 정해인 염정아 최성은,탱주,위디스크,http://www.wedisk.co.kr/wediskNew/contentsView.do?contentsID=29019993,2020-03-20 20:40:40,c29019993,한국영화,3.9G
-,시동.2019.720p.마동석.정해인.박정민START-UP.2019.720p.HDRip.H264.AAC-NonDRM.mp4,partyplanu,위디스크,http://www.wedisk.co.kr/wediskNew/contentsView.do?contentsID=29027191,2020-03-20 20:40:40,c29027191,한국영화,2.0G
-,(한국영화) 시동 START-UP.2019,아이돌52,위디스크,http://www.wedisk.co.kr/wediskNew/contentsView.do?contentsID=29026890,2020-03-20 20:40:40,c29026890,일반,3.9G
-,[ㅡ 시동 ㅡ] 부릉부릉. 마동석. 초고화질.1080p,kok5584,위디스크,http://www.wedisk.co.kr/wediskNew/contentsView.do?contentsID=29026402,2020-03-20 20:40:40,c29026402,한국영화,3.3G
-,2020.01 부릉부릉[ㅡ 시동 ㅡ] 마동석. 초고화질,kok5584,위디스크,http://www.wedisk.co.kr/wediskNew/contentsView.do?contentsID=29026066,2020-03-20 20:40:40,c29026066,한국영화,2.8G
-,시동 - 마동석 박정민 정해인 염정아,relius,위디스크,http://www.wedisk.co.kr/wediskNew/contentsView.do?contentsID=29023058,2020-03-20 20:40:40,c29023058,한국영화,2.0G
-,시동. 마동석 박정민 정혜인.START-UP.2019.720p.HDRip.H264.AAC-NonDRM,storyjc,위디스크,http://www.wedisk.co.kr/wediskNew/contentsView.do?contentsID=29022124,2020-03-20 20:40:40,c29022124,한국영화,2.0G
-,1월  [ 시 . 동 ] 중 국 집 주 방 장 마 뚱 석,검은도다리,위디스크,http://www.wedisk.co.kr/wediskNew/contentsView.do?contentsID=29019732,2020-03-20 20:40:40,c29019732,일반,3.6G
-,오버드라이브 - 시동이 걸리는 순간 브레이크는 없다! 누구보다 빠르게 거침없이 질주하라! 전설의 스포츠카 페라리를 얻기 위한 화끈한 한탕!,smith522,위디스크,http://www.wedisk.co.kr/wediskNew/contentsView.do?contentsID=28810537,2020-03-20 20:40:40,c28810537,액션,1.8G
-,시동을 걸면 멈출수가 없다.자동차 액션의 모든것.[논스톱 분노의 질주],굳뜨업로더,위디스크,http://www.wedisk.co.kr/wediskNew/contentsView.do?contentsID=20789497,2020-03-20 20:40:40,c20789497,일반,2.3G
-,[논스톱 분노의 질주] 시동을 걸면 멈출수가 없다.자동차 액션의 모든것,굳뜨업로더,위디스크,http://www.wedisk.co.kr/wediskNew/contentsView.do?contentsID=22264100,2020-03-20 20:40:40,c22264100,일반,1.2G
-,[논스톱 분노의 질주] 시동을 걸면 멈출수가 없다.자동차 액션의 모든것,굳뜨업로더,위디스크,http://www.wedisk.co.kr/wediskNew/contentsView.do?contentsID=22372865,2020-03-20 20:40:40,c22372865,일반,1.3G
-,허비 첫 시동을 걸다(2005),sky7979,위디스크,http://www.wedisk.co.kr/wediskNew/contentsView.do?contentsID=20641130,2020-03-20 20:40:40,c20641130,코미디,699M
-,[린제이로한] 허비 첫 시동을 걸다 (Herbie: Fully Loaded 2005)유쾌판타지/코미디,ssocoooool,위디스크,http://www.wedisk.co.kr/wediskNew/contentsView.do?contentsID=5610873,2020-03-20 20:40:40,c5610873,코미디,699M
