검색게시글,유포게시물,유포사이트,게시자id,URL,탐지시간,고유번호,분류,용량
남산의부장들,기생충,[한국영화] 기생충.2019,메가파일,nan,nan,2020-03-25 16:47:01,nan,nan,nan
-,[ 기생충 1080p FHD ] 송강호 이선균 조여정 최우식 박소담 이정은 장혜진,메가파일,nan,nan,2020-03-25 16:47:01,nan,nan,nan
-,[ 기생충 블루레이 1080p ] 송강호 이선균 조여정 최우식 박소담 이정은 장혜진,메가파일,nan,nan,2020-03-25 16:47:01,nan,nan,nan
-,[FHD]기생충.대작.송강호.이선균.조여정.최우식.박소담 1080p HDRip H264,메가파일,nan,nan,2020-03-25 16:47:01,nan,nan,nan
-,2O17 SF스릴 [ 기생충 ㅂr이러스 ] 고화질 자체자막,메가파일,nan,nan,2020-03-25 16:47:01,nan,nan,nan
-,[천사][FullHD]기생충.2019.1080p.FHD [송강호 이선균],메가파일,nan,nan,2020-03-25 16:47:01,nan,nan,nan
-,기생충 PARASITE.2019.1080p.FHDRip,메가파일,nan,nan,2020-03-25 16:47:01,nan,nan,nan
-,[하나무비] 기생충-송강호이선균조여정 정식버전 FHD,메가파일,nan,nan,2020-03-25 16:47:01,nan,nan,nan
-,[기생충] 행복은 나눌수록 커지잖아요,메가파일,nan,nan,2020-03-25 16:47:01,nan,nan,nan
-,[기생충]SD 행복은 나눌수록 커지잖아요,메가파일,nan,nan,2020-03-25 16:47:01,nan,nan,nan
-,[기생충]M 송강호 이선균 최우식 박소담 폐 끼치고 싶진 않았어요,메가파일,nan,nan,2020-03-25 16:47:01,nan,nan,nan
-,[기생충]HD 송강호 이선균 조여정 최우식 박소담,메가파일,nan,nan,2020-03-25 16:47:01,nan,nan,nan
-,[기생충]HD 봉준호 칸영화제 황금종려상 송강호 이선균,메가파일,nan,nan,2020-03-25 16:47:01,nan,nan,nan
-,[기생충]HD 봉준호 감독 충격 행복은 나눌수록 커지잖아요,메가파일,nan,nan,2020-03-25 16:47:01,nan,nan,nan
-,[기생충]SD 행복은 나눌수록 커지잖아요,메가파일,nan,nan,2020-03-25 16:47:01,nan,nan,nan
-,[기생충]M 송강호 이선균 최우식 박소담 폐 끼치고 싶진 않았어요,메가파일,nan,nan,2020-03-25 16:47:01,nan,nan,nan
-,[기생충]HD 송강호 이선균 조여정 최우식 박소담,메가파일,nan,nan,2020-03-25 16:47:01,nan,nan,nan
-,[기생충]HD 봉준호 칸영화제 황금종려상 송강호 이선균,메가파일,nan,nan,2020-03-25 16:47:01,nan,nan,nan
-,[기생충]HD 봉준호 감독 충격 행복은 나눌수록 커지잖아요,메가파일,nan,nan,2020-03-25 16:47:01,nan,nan,nan
-,뇌를 조종한다! - 치사율100프로! 살인기생충 - [ 연가시 ] - 김명민문정희,메가파일,nan,nan,2020-03-25 16:47:01,nan,nan,nan
-,[--- 기생충 ---] 송강호 - 정품.초고화질 ,메가파일,nan,nan,2020-03-25 16:47:02,nan,nan,nan
-,[기생충]HD 봉준호 감독 충격 행복은 나눌수록 커지잖아요,메가파일,nan,nan,2020-03-25 16:47:02,nan,nan,nan
-,패피- 세상의 빈부격차 슬픈현실 우리 몸속에 기생충,메가파일,nan,nan,2020-03-25 16:47:02,nan,nan,nan
-,[FHD]기생충.2019.송강호.이선균.조여정.최우식.박소담 1080p HDRip H264,본디스크,nan,nan,2020-03-25 16:47:02,nan,nan,nan
-,FHD [ 기생충 . 1080p ] 송강호. 이선균. 조여정. 최우식. 박소담. 봉준호,본디스크,nan,nan,2020-03-25 16:47:02,nan,nan,nan
-,[기생충]SD 행복은 나눌수록 커지잖아요,본디스크,nan,nan,2020-03-25 16:47:02,nan,nan,nan
-,[--- 기 생 충 ---] 송강호 - 정품.초고화질,본디스크,nan,nan,2020-03-25 16:47:02,nan,nan,nan
-,HD [ 기생충 _ 720p ] 송강호. 이선균. 조여정. 최우식. 박소담 봉준호,본디스크,nan,nan,2020-03-25 16:47:02,nan,nan,nan
-,[기생충]M 송강호 이선균 최우식 박소담 폐 끼치고 싶진 않았어요,본디스크,nan,nan,2020-03-25 16:47:02,nan,nan,nan
-,2 0 1 9 FHD [ 기 생 충 ] 송 강 호 이 선 균 조 여 정 정 식 원 본 10,본디스크,nan,nan,2020-03-25 16:47:02,nan,nan,nan
-,[기생충]HD 송강호 이선균 조여정 최우식 박소담,본디스크,nan,nan,2020-03-25 16:47:02,nan,nan,nan
-,[2019년 최신영화] 기생충 송강호 이선균 조여정,본디스크,nan,nan,2020-03-25 16:47:02,nan,nan,nan
-,[기생충]M 송강호 이선균 최우식 박소담 폐 끼치고 싶진 않았어요 jenm,본디스크,nan,nan,2020-03-25 16:47:02,nan,nan,nan
-,[ㅡ 베 . 놈 .기생충 ㅡ] 톰하디. 영웅인가 악당인가.초고화질,빅파일,nan,nan,2020-03-25 16:47:02,nan,nan,nan
-,[ㅡ 베 . 놈 .기생충 ㅡ] 톰하디. 영웅인가 악당인가.초고화질,빅파일,nan,nan,2020-03-25 16:47:02,nan,nan,nan
-,2020년 2월 - [ 폐인 앤 굴로리 ] - 기생충과 맞먹는 대작이 .. (1),빅파일,nan,nan,2020-03-25 16:47:02,nan,nan,nan
-,2020년 2월 - [ 폐인 앤 굴로리 ] - 기생충과 맞먹는 대작이 .. (1),빅파일,nan,nan,2020-03-25 16:47:02,nan,nan,nan
-,2020년 2월 - [ 폐인 앤 굴로리 ] - 기생충과 맞먹는 대작이 .. (1),빅파일,nan,nan,2020-03-25 16:47:02,nan,nan,nan
-,2020년 2월 - [ 폐인 앤 굴로리 ] - 기생충과 맞먹는 대작이 .. (1),빅파일,nan,nan,2020-03-25 16:47:02,nan,nan,nan
-,2020년 2월 - [ 폐인 앤 굴로리 ] - 기생충과 맞먹는 대작이 .. (1),빅파일,nan,nan,2020-03-25 16:47:02,nan,nan,nan
-,2020년 2월 - [ 폐인 앤 굴로리 ] - 기생충과 맞먹는 대작이 .. (1),빅파일,nan,nan,2020-03-25 16:47:02,nan,nan,nan
-,2O2O년O2월 올해영화1위 [ㄱ ㅓ장의 세계]기생충아카데미경쟁.. (1),빅파일,nan,nan,2020-03-25 16:47:02,nan,nan,nan
-,2O2O년O2월 올해영화1위 [ㄱ ㅓ장의 세계]기생충아카데미경쟁.. (1),빅파일,nan,nan,2020-03-25 16:47:02,nan,nan,nan
-,2O2O년O2월 올해영화1위 [ㄱ ㅓ장의 세계]기생충아카데미경쟁.. (1),빅파일,nan,nan,2020-03-25 16:47:02,nan,nan,nan
-,2O2O년O2월 올해영화1위 [ㄱ ㅓ장의 세계]기생충아카데미경쟁.. (1),빅파일,nan,nan,2020-03-25 16:47:02,nan,nan,nan
-,2O2O년O2월 올해영화1위 [ㄱ ㅓ장의 세계]기생충아카데미경쟁.. (1),빅파일,nan,nan,2020-03-25 16:47:02,nan,nan,nan
-,2O2O년O2월 올해영화1위 [ㄱ ㅓ장의 세계]기생충아카데미경쟁.. (1),빅파일,nan,nan,2020-03-25 16:47:02,nan,nan,nan
-,[기생충]HD 송강호 이선균 조여정 최우식 박소담,빅파일,nan,nan,2020-03-25 16:47:02,nan,nan,nan
-,[기생충]HD 송강호 이선균 조여정 최우식 박소담,빅파일,nan,nan,2020-03-25 16:47:02,nan,nan,nan
-,기생충 초고화질,쉐어박스,nan,nan,2020-03-25 16:47:02,nan,nan,nan
-,[자체자막] 취활가족 04화 - 온 가족의 취업과의 전쟁 (기생충 홈드라마),스마트파일,nan,nan,2020-03-25 16:47:02,nan,nan,nan
-,[자체자막] 취활가족 03화 - 온 가족의 취업과의 전쟁 (기생충 홈드라마),스마트파일,nan,nan,2020-03-25 16:47:02,nan,nan,nan
-,[기생충]SD 행복은 나눌수록 커지잖아요,스마트파일,nan,nan,2020-03-25 16:47:02,nan,nan,nan
-,[기생충]M 송강호 이선균 최우식 박소담 폐 끼치고 싶진 않았어요,스마트파일,nan,nan,2020-03-25 16:47:02,nan,nan,nan
-,버ㄹㄹ h 집단기생충,스마트파일,nan,nan,2020-03-25 16:47:02,nan,nan,nan
-,[FHD]기생충.2019.송강호.이선균.조여정.최우식.박소담 1080p HDRip H264,스마트파일,nan,nan,2020-03-25 16:47:02,nan,nan,nan
-,기생충.2019.1080p-NonDRM [송강호 이선균 조여정 최우식 박소담 이정은 장혜진],스마트파일,nan,nan,2020-03-25 16:47:02,nan,nan,nan
-,기생충 2019 행복은 나눌수록 커지잖아요,스마트파일,nan,nan,2020-03-25 16:47:02,nan,nan,nan
-,[기생충]HD 봉준호 칸영화제 황금종려상 송강호 이선균,스마트파일,nan,nan,2020-03-25 16:47:02,nan,nan,nan
-,[기생충]HD 송강호 이선균 조여정 최우식 박소담,스마트파일,nan,nan,2020-03-25 16:47:02,nan,nan,nan
-,(초고화질)황금종려상 수상작[기생충],스마트파일,nan,nan,2020-03-25 16:47:02,nan,nan,nan
-,[기생충]HD 봉준호 칸영화제 황금종려상 송강호 이선균,스마트파일,nan,nan,2020-03-25 16:47:02,nan,nan,nan
-,[기생충]HD 봉준호 감독 충격 행복은 나눌수록 커지잖아요,스마트파일,nan,nan,2020-03-25 16:47:02,nan,nan,nan
-,[기생충]HD 봉준호 감독 충격 행복은 나눌수록 커지잖아요,스마트파일,nan,nan,2020-03-25 16:47:02,nan,nan,nan
-,[기생충]M 송강호 이선균 최우식 박소담 폐 끼치고 싶진 않았어요,스마트파일,nan,nan,2020-03-25 16:47:02,nan,nan,nan
-,기생충,스마트파일,nan,nan,2020-03-25 16:47:02,nan,nan,nan
-,[기생충]HD 봉준호 칸영화제 황금종려상 송강호 이선균,스마트파일,nan,nan,2020-03-25 16:47:03,nan,nan,nan
-,[ 기생충 ] 행복은 나눌수록 커지잖아요 - 2019 송강호이선균,스마트파일,nan,nan,2020-03-25 16:47:03,nan,nan,nan
-,[자체자막] 취활가족 01화 - 온 가족의 취업과의 전쟁 (기생충 홈드라마),예스파일,nan,nan,2020-03-25 16:47:03,nan,nan,nan
-,[1080P] 퍼펙션 기생충 아찔한 공포와 몸속의 벌레들 (11),예스파일,nan,nan,2020-03-25 16:47:03,nan,nan,nan
-,[1080P] 퍼펙션 기생충 아찔한 공포와 몸속의 벌레들,예스파일,nan,nan,2020-03-25 16:47:03,nan,nan,nan
-,[자체자막] 취활가족 09화 [완] - 온 가족의 취업과의 전쟁 (기생충 홈드라마),예스파일,nan,nan,2020-03-25 16:47:03,nan,nan,nan
-,[자체자막] 취활가족 08화 - 온 가족의 취업과의 전쟁 (기생충 홈드라마),예스파일,nan,nan,2020-03-25 16:47:03,nan,nan,nan
-,기생충 1080p 네이버 정식,예스파일,nan,nan,2020-03-25 16:47:03,nan,nan,nan
-,[FHD]기생충.2019.송강호.이선균.조여정.최우식.박소담 1080p HDRip H264,예스파일,nan,nan,2020-03-25 16:47:03,nan,nan,nan
-,[기생충] 행복은 나눌수록 커지잖아요,예스파일,nan,nan,2020-03-25 16:47:03,nan,nan,nan
-,[기생충] 송강호.이선균 정품.초고화질. (1),예스파일,nan,nan,2020-03-25 16:47:03,nan,nan,nan
-,[기생충] 행복은 나눌수록 커지잖아요! 칸영화제 황금종려상 수상작,예스파일,nan,nan,2020-03-25 16:47:03,nan,nan,nan
-,[기생충 1080p FHD] 송강호 이선균 조여정 최우식 박소담 이정은 장혜진,예스파일,nan,nan,2020-03-25 16:47:03,nan,nan,nan
-,[기 생 충] 칸영화제 황금종려상 수상작 1080p 초고화질,예스파일,nan,nan,2020-03-25 16:47:03,nan,nan,nan
-,[  기 생 충  ] 송강호.김선균.조여정 - 저용량.FHD,예스파일,nan,nan,2020-03-25 16:47:03,nan,nan,nan
-,[기생충] 송강호 정품.초고화질,예스파일,nan,nan,2020-03-25 16:47:03,nan,nan,nan
-,인간을 조종하는 기생충이 나타났다 [바이러스],온디스크,nan,nan,2020-03-25 16:47:03,nan,nan,nan
-,[FullHD]기생충.2019.1080p.FHD [송강호 이선균],온디스크,nan,nan,2020-03-25 16:47:03,nan,nan,nan
-,( 기생충  2019 _ HD1080p )(평점9.0) 송강호.이선균.조여정! 봉준호 감독! 칸영화제 황금종려상! 기셍충,위디스크,nan,nan,2020-03-25 16:47:03,nan,nan,nan
-,[ 기생충 (2019) ] - 송강호. 이선균. 조여정. 최우식. 박소담. 봉준호 감독작,위디스크,nan,nan,2020-03-25 16:47:03,nan,nan,nan
-,[ 기생충 (2019) ] - 송강호. 이선균. 조여정. 최우식. 박소담. 봉준호 감독작,위디스크,nan,nan,2020-03-25 16:47:03,nan,nan,nan
-,[1080p] 기생충 PARASITE.2019.1080p.FHDRip.H264.AAC-NonDRM 봉준호 송강호 이선균 조여정 최우식 박소담 정지소,위디스크,nan,nan,2020-03-25 16:47:03,nan,nan,nan
-,[ 기생충 (2019) ] - 송강호. 이선균. 조여정. 최우식. 박소담. 봉준호 감독작,위디스크,nan,nan,2020-03-25 16:47:03,nan,nan,nan
-,[ 기생충 (2019) ] - 송강호. 이선균. 조여정. 최우식. 박소담. 봉준호 감독작,위디스크,nan,nan,2020-03-25 16:47:03,nan,nan,nan
-,[720p] 기생충 2019 송강호 이선균 조여정 박소담 5,위디스크,nan,nan,2020-03-25 16:47:03,nan,nan,nan
-,[  iseeyou  ] 아이씨유  최신미개봉작  다락방기생충  반전스릴러공포,위디스크,nan,nan,2020-03-25 16:47:03,nan,nan,nan
-,[ 기생충 (2019) ] - 송강호. 이선균. 조여정. 최우식. 박소담. 봉준호 감독작,위디스크,nan,nan,2020-03-25 16:47:03,nan,nan,nan
-,2O2O년O2월(ㄱi생충 경쟁작)[ㅍㅔ인 앤 글로ㄹㅣ] 한글자체자막,위디스크,nan,nan,2020-03-25 16:47:03,nan,nan,nan
-,기생충.2019.블루레이.1080p.칸영화제 황금종려상 수상작.봉준호 감독작품.송강호.이선균.조여정.Parasite.2019.KOREAN.1080p.BluRay.x264.DTS-FGT,위디스크,nan,nan,2020-03-25 16:47:03,nan,nan,nan
-,( 기생충  2019 _ HD1080p )(평점9.0) 송강호.이선균.조여정! 봉준호 감독! 칸영화제 황금종려상! 기셍충,위디스크,nan,nan,2020-03-25 16:47:03,nan,nan,nan
-,[ 기생충 (2019) ] - 송강호. 이선균. 조여정. 최우식. 박소담. 봉준호 감독작,위디스크,nan,nan,2020-03-25 16:47:03,nan,nan,nan
-,[ 기생충 2019 ] 송강호 PARASITE.2019.1080p.FHDRip.H264.AAC,위디스크,nan,nan,2020-03-25 16:47:03,nan,nan,nan
-,[ 기생충 2019 블루레이 리먹스]초고화질 1080p.아카데미 감독상작품상극본상인터네셔널 영화상 4관왕 명작 ! 칸영화제 황금종려상 수상작.봉준호 감독작품.송강호.이선균.조여정.Parasite.2019.KORAEN.1080p.BluRay.REMUX.AVC.DTS-HD.MA.TrueHD.7.1.Atmos-FGT 1080i,위디스크,nan,nan,2020-03-25 16:47:03,nan,nan,nan
-,[720P] 벌레들의 역습 [:: ㄱ ㅣ 생 충 - 더 소우 ::] (한글자막),위디스크,nan,nan,2020-03-25 16:47:03,nan,nan,nan
-,[기생충]SD 행복은 나눌수록 커지잖아요,위디스크,nan,nan,2020-03-25 16:47:03,nan,nan,nan
-,[기생충]HD 송강호 이선균 조여정 최우식 박소담,위디스크,nan,nan,2020-03-25 16:47:03,nan,nan,nan
-,[ 기생충 (2019) ] - 송강호. 이선균. 조여정. 최우식. 박소담. 봉준호 감독작,위디스크,nan,nan,2020-03-25 16:47:04,nan,nan,nan
-,[기생충]SD 행복은 나눌수록 커지잖아요,위디스크,nan,nan,2020-03-25 16:47:04,nan,nan,nan
-,[기생충]HD 봉준호 감독 충격 행복은 나눌수록 커지잖아요,위디스크,nan,nan,2020-03-25 16:47:04,nan,nan,nan
-,[기생충]HD 봉준호 감독 충격 행복은 나눌수록 커지잖아요,위디스크,nan,nan,2020-03-25 16:47:04,nan,nan,nan
-,[기생충]M 송강호 이선균 최우식 박소담 폐 끼치고 싶진 않았어요,위디스크,nan,nan,2020-03-25 16:47:04,nan,nan,nan
-,[기생충]HD 봉준호 칸영화제 황금종려상 송강호 이선균,위디스크,nan,nan,2020-03-25 16:47:04,nan,nan,nan
-,[기생충]HD 송강호 이선균 조여정 최우식 박소담,위디스크,nan,nan,2020-03-25 16:47:04,nan,nan,nan
-,[기생충]HD 봉준호 칸영화제 황금종려상 송강호 이선균,위디스크,nan,nan,2020-03-25 16:47:04,nan,nan,nan
-,[기생충]HD 송강호 이선균 조여정 최우식 박소담,위디스크,nan,nan,2020-03-25 16:47:04,nan,nan,nan
-,[기생충]HD 봉준호 칸영화제 황금종려상 송강호 이선균,위디스크,nan,nan,2020-03-25 16:47:04,nan,nan,nan
-,[ 기생충 ] 2019 송강호 이선균 조여정 평점 8.5,위디스크,nan,nan,2020-03-25 16:47:04,nan,nan,nan
-,[기생충]M 송강호 이선균 최우식 박소담 폐 끼치고 싶진 않았어요,위디스크,nan,nan,2020-03-25 16:47:04,nan,nan,nan
-,[기생충]HD 봉준호 감독 충격 행복은 나눌수록 커지잖아요,위디스크,nan,nan,2020-03-25 16:47:04,nan,nan,nan
-,1080p-[ 기생충 _ 초특급화질 ] 조여정 송강호 박소담 이선균 최우식. 행복은 나눌수록 커지잖아요!,위디스크,nan,nan,2020-03-25 16:47:04,nan,nan,nan
-,2019 기생충 - FHD 송강호 이선균 조여정 초고화질 1080p,위디스크,nan,nan,2020-03-25 16:47:04,nan,nan,nan
-,2O19---(긴급)--[---ㄱ ㅣ생 충--- ] 송 깡 호 X 뽕준 호,위디스크,nan,nan,2020-03-25 16:47:04,nan,nan,nan
-,[1080P] 기생충 (PARASITE 2019)-DVDRip,위디스크,nan,nan,2020-03-25 16:47:04,nan,nan,nan
-,[기생충]M 송강호 이선균 최우식 박소담 폐 끼치고 싶진 않았어요,위디스크,nan,nan,2020-03-25 16:47:04,nan,nan,nan
-,[ 기생충 ] 행복은 나눌수록 커지잖아요 - 2019 송강호이선균,위디스크,nan,nan,2020-03-25 16:47:04,nan,nan,nan
-,[기생충]SD 행복은 나눌수록 커지잖아요,위디스크,nan,nan,2020-03-25 16:47:04,nan,nan,nan
-,기생충-송강호조여정이선균2019청룡영화제(작품상여우주연상-조여정여우조연상미술상),위디스크,nan,nan,2020-03-25 16:47:04,nan,nan,nan
-,[ 기생충 (2019) ] - 송강호. 이선균. 조여정. 최우식. 박소담. 봉준호 감독작,위디스크,nan,nan,2020-03-25 16:47:04,nan,nan,nan
-,( 기생충  2019 _ HD1080p )(평점9.0) 송강호.이선균.조여정! 봉준호 감독! 칸영화제 황금종려상! 기셍충,위디스크,nan,nan,2020-03-25 16:47:04,nan,nan,nan
-,( 기생충  2019 _ HD1080p )(평점9.0) 송강호.이선균.조여정! 봉준호 감독! 칸영화제 황금종려상! 기셍충,위디스크,nan,nan,2020-03-25 16:47:04,nan,nan,nan
-,[ 기생충 (2019) ] - 송강호. 이선균. 조여정. 최우식. 박소담. 봉준호 감독작,위디스크,nan,nan,2020-03-25 16:47:04,nan,nan,nan
-,09 듣도보도 못한 기생충이 창궐한다 지구온난화로인한 거대한 재앙 - 800p 한글자막,지디스크,nan,nan,2020-03-25 16:47:04,nan,nan,nan
-,2O19 O6월 떠 따 !! ( 기 . 생 . 충) - 초고화질 자체자막,케이디스크,nan,nan,2020-03-25 16:47:04,nan,nan,nan
-,[기생충]HD 봉준호 감독 충격 행복은 나눌수록 커지잖아요,케이디스크,nan,nan,2020-03-25 16:47:04,nan,nan,nan
-,WOW [기생충]HD 송강호 이선균 조여정 최우식 박소담,케이디스크,nan,nan,2020-03-25 16:47:04,nan,nan,nan
-,[기생충]HD 봉준호 칸영화제 황금종려상 송강호 이선균,케이디스크,nan,nan,2020-03-25 16:47:04,nan,nan,nan
-,wow [기생충]HD 송강호 이선균 조여정 최우식 박소담,케이디스크,nan,nan,2020-03-25 16:47:04,nan,nan,nan
-,wow [기생충]SD 행복은 나눌수록 커지잖아요,케이디스크,nan,nan,2020-03-25 16:47:04,nan,nan,nan
-,[기생충]M 송강호 이선균 최우식 박소담 폐 끼치고 싶진 않았어요 ,케이디스크,nan,nan,2020-03-25 16:47:04,nan,nan,nan
-,[기생충]SD 행복은 나눌수록 커지잖아요 ,케이디스크,nan,nan,2020-03-25 16:47:04,nan,nan,nan
-,[기생충]HD 봉준호 감독 충격 행복은 나눌수록 커지잖아요,케이디스크,nan,nan,2020-03-25 16:47:04,nan,nan,nan
-,[기생충]M 송강호 이선균 최우식 박소담 폐 끼치고 싶진 않았어요,케이디스크,nan,nan,2020-03-25 16:47:04,nan,nan,nan
-,wow [기생충]HD 봉준호 감독 충격 행복은 나눌수록 커지잖아요,케이디스크,nan,nan,2020-03-25 16:47:04,nan,nan,nan
-,[기생충]HD 봉준호 칸영화제 황금종려상 송강호 이선균,케이디스크,nan,nan,2020-03-25 16:47:04,nan,nan,nan
-,[기생충]HD 송강호 이선균 조여정 최우식 박소담,케이디스크,nan,nan,2020-03-25 16:47:04,nan,nan,nan
-,[한국영화] 기생충,케이디스크,nan,nan,2020-03-25 16:47:04,nan,nan,nan
-,송강호이선균[ 기생충 ]1080p.FHD.가장 완벽한 계획이 뭔지알아? 무계획이야,케이디스크,nan,nan,2020-03-25 16:47:04,nan,nan,nan
-,2O19 O6월 떠 따 !! 기 . 생 . 충 - 초고화질 자체자막,큐다운,nan,nan,2020-03-25 16:47:04,nan,nan,nan
-,[기생충]M 송강호 이선균 최우식 박소담 폐 끼치고 싶진 않았어요,루디스크,nan,nan,2020-03-25 16:47:04,nan,nan,nan
-,기생충.2019.1080p-NonDRM [송강호 이선균 조여정 최우식 박소담 이정은 장혜진],루디스크,nan,nan,2020-03-25 16:47:04,nan,nan,nan
-,[기생충]HD 봉준호 칸영화제 황금종려상 송강호 이선균,루디스크,nan,nan,2020-03-25 16:47:04,nan,nan,nan
-,[FHD]기생충.2019.송강호.이선균.조여정.최우식.박소담 1080p,루디스크,nan,nan,2020-03-25 16:47:04,nan,nan,nan
-,[한국] 기생충. 2019. 송강호. 조여정 [황금종려상],루디스크,nan,nan,2020-03-25 16:47:04,nan,nan,nan
-,[기생충]SD 행복은 나눌수록 커지잖아요 jenm,루디스크,nan,nan,2020-03-25 16:47:04,nan,nan,nan
-,[기생충]HD 봉준호 칸영화제 황금종려상 송강호 이선균,루디스크,nan,nan,2020-03-25 16:47:04,nan,nan,nan
-,[--- 기생충 ---] 송강호 - 정품.초고화질,루디스크,nan,nan,2020-03-25 16:47:04,nan,nan,nan
-,[하나무비] 기-생-충 - 송강호이선균조여정 정식버전 FHD,루디스크,nan,nan,2020-03-25 16:47:04,nan,nan,nan
-,[기생충] 행복은 나눌수록 커지잖아요,루디스크,nan,nan,2020-03-25 16:47:04,nan,nan,nan
-,[--- 기생충 ---] 송강호 - 정품.초고화질,루디스크,nan,nan,2020-03-25 16:47:04,nan,nan,nan
-,wow [기생충]HD 봉준호 칸영화제 황금종려상 송강호 이선균,루디스크,nan,nan,2020-03-25 16:47:04,nan,nan,nan
-,wow [기생충]HD 봉준호 감독 충격 행복은 나눌수록 커지잖아요,루디스크,nan,nan,2020-03-25 16:47:04,nan,nan,nan
-,WOW [기생충]HD 봉준호 칸영화제 황금종려상 송강호 이선균,루디스크,nan,nan,2020-03-25 16:47:04,nan,nan,nan
-,[기생충]HD 송강호 이선균 조여정 최우식 박소담 jenm,루디스크,nan,nan,2020-03-25 16:47:04,nan,nan,nan
-,WOW [기생충]HD 봉준호 감독 충격 행복은 나눌수록 커지잖아요,루디스크,nan,nan,2020-03-25 16:47:04,nan,nan,nan
-,[기생충]HD 봉준호 칸영화제 황금종려상 송강호 이선균 jenm,루디스크,nan,nan,2020-03-25 16:47:04,nan,nan,nan
-,[기생충]HD 봉준호 감독 충격 행복은 나눌수록 커지잖아요 jenm,루디스크,nan,nan,2020-03-25 16:47:04,nan,nan,nan
-,[기생충]HD 봉준호 칸영화제 황금종려상 송강호 이선균,루디스크,nan,nan,2020-03-25 16:47:04,nan,nan,nan
-,[기생충]HD 송강호 이선균 조여정 최우식 박소담,루디스크,nan,nan,2020-03-25 16:47:04,nan,nan,nan
-,wow [기생충]M 송강호 이선균 최우식 박소담 폐 끼치고 싶진 않았어요,루디스크,nan,nan,2020-03-25 16:47:04,nan,nan,nan
-,[기생충]SD 행복은 나눌수록 커지잖아요 jenm,루디스크,nan,nan,2020-03-25 16:47:04,nan,nan,nan
-,[기생충]HD 봉준호 감독 충격 행복은 나눌수록 커지잖아요,루디스크,nan,nan,2020-03-25 16:47:04,nan,nan,nan
-,[기생충]HD 송강호 이선균 조여정 최우식 박소담 jenm,루디스크,nan,nan,2020-03-25 16:47:04,nan,nan,nan
-,[기생충]HD 봉준호 감독 충격 행복은 나눌수록 커지잖아요,루디스크,nan,nan,2020-03-25 16:47:04,nan,nan,nan
-,[기생충]HD 봉준호 칸영화제 황금종려상 송강호 이선균 jenm,루디스크,nan,nan,2020-03-25 16:47:04,nan,nan,nan
-,[기생충]M 송강호 이선균 최우식 박소담 폐 끼치고 싶진 않았어요 jenm,루디스크,nan,nan,2020-03-25 16:47:04,nan,nan,nan
-,[기생충]HD 봉준호 감독 충격 행복은 나눌수록 커지잖아요 jenm,루디스크,nan,nan,2020-03-25 16:47:04,nan,nan,nan
-,wow [기생충]HD 봉준호 칸영화제 황금종려상 송강호 이선균,루디스크,nan,nan,2020-03-25 16:47:04,nan,nan,nan
-,[기생충]HD 봉준호 칸영화제 황금종려상 송강호 이선균,루디스크,nan,nan,2020-03-25 16:47:04,nan,nan,nan
-,칸 황금종려상 '기생충' 봉준호 감독의 (옥 자)-우린 집으로 갈거야,티플,nan,nan,2020-03-25 16:47:04,nan,nan,nan
-,[공포] 괴랄 기생충 손목을 잘라버러 (퍼'펙'션) 훈육의 진실,티플,nan,nan,2020-03-25 16:47:04,nan,nan,nan
-,[자체자막] 취활가족 09화 [완] - 온 가족의 취업과의 전쟁 (기생충 홈드라마),티플,nan,nan,2020-03-25 16:47:04,nan,nan,nan
-,[쿠폰]송강호이선균[ 기생충 ]1080p.FHD.가장 완벽한 계획이 뭔지알아? 무계획이야,파일구리,nan,nan,2020-03-25 16:47:04,nan,nan,nan
-,[기생충]M 송강호 이선균 최우식 박소담 폐 끼치고 싶진 않았어요,파일구리,nan,nan,2020-03-25 16:47:04,nan,nan,nan
-,WOW [기생충]HD 봉준호 칸영화제 황금종려상 송강호 이선균,파일구리,nan,nan,2020-03-25 16:47:04,nan,nan,nan
-,[기생충]HD 봉준호 칸영화제 황금종려상 송강호 이선균,파일구리,nan,nan,2020-03-25 16:47:04,nan,nan,nan
-,WOW [기생충]M 송강호 이선균 최우식 박소담 폐 끼치고 싶진 않았어요,파일구리,nan,nan,2020-03-25 16:47:04,nan,nan,nan
-,[기생충]HD 봉준호 감독 충격 행복은 나눌수록 커지잖아요,파일구리,nan,nan,2020-03-25 16:47:04,nan,nan,nan
-,wow [기생충]HD 송강호 이선균 조여정 최우식 박소담,파일구리,nan,nan,2020-03-25 16:47:04,nan,nan,nan
-,[ 기생충 (2019) ] - 송강호. 이선균. 조여정. 최우식. 박소담. 봉준호 감독작,파일노리,nan,nan,2020-03-25 16:47:05,nan,nan,nan
-,( 기생충  2019 _ HD1080p )(평점9.0) 송강호.이선균.조여정! 봉준호 감독! 칸영화제 황금종려상! 기셍충,파일노리,nan,nan,2020-03-25 16:47:05,nan,nan,nan
-,[영화]기생충 Parasite 2019 [1080p] 제휴 고화질,파일노리,nan,nan,2020-03-25 16:47:05,nan,nan,nan
-,[기생충]SD 행복은 나눌수록 커지잖아요 제휴,파일노리,nan,nan,2020-03-25 16:47:05,nan,nan,nan
-,[FHD] 기생충 - 송강호 조여정 이선균 최우식 초고화질 1080p 제휴,파일노리,nan,nan,2020-03-25 16:47:05,nan,nan,nan
-,2019 기생충 - 송강호 이선균 조여정 최우식 박소담 최고화질HD,파일노리,nan,nan,2020-03-25 16:47:05,nan,nan,nan
-,1080p-[ 기생충 _ 초특급화질 ] 조여정 송강호 박소담 이선균 최우식. 행복은 나눌수록 커지잖아요!,파일노리,nan,nan,2020-03-25 16:47:05,nan,nan,nan
-,[기생충]HD 봉준호 감독 충격 행복은 나눌수록 커지잖아요 jenm,파일론,nan,nan,2020-03-25 16:47:05,nan,nan,nan
-,기생충.2019.1080p-NonDRM [송강호 이선균 조여정 최우식 박소담 이정은 장혜진],파일론,nan,nan,2020-03-25 16:47:05,nan,nan,nan
-,[기생충]HD 송강호 이선균 조여정 최우식 박소담 jenm,파일론,nan,nan,2020-03-25 16:47:05,nan,nan,nan
-,[기생충]M 송강호 이선균 최우식 박소담 폐 끼치고 싶진 않았어요 jenm,파일론,nan,nan,2020-03-25 16:47:05,nan,nan,nan
-,[기생충]HD 봉준호 칸영화제 황금종려상 송강호 이선균 jenm,파일론,nan,nan,2020-03-25 16:47:05,nan,nan,nan
-,[기생충]SD 행복은 나눌수록 커지잖아요 jenm,파일론,nan,nan,2020-03-25 16:47:05,nan,nan,nan
-,[기생충]M 송강호 이선균 최우식 박소담 폐 끼치고 싶진 않았어요 jenm,파일론,nan,nan,2020-03-25 16:47:05,nan,nan,nan
-,[기생충]HD 봉준호 칸영화제 황금종려상 송강호 이선균 jenm,파일론,nan,nan,2020-03-25 16:47:05,nan,nan,nan
-,[기생충]SD 행복은 나눌수록 커지잖아요 jenm,파일론,nan,nan,2020-03-25 16:47:05,nan,nan,nan
-,[기생충]M 송강호 이선균 최우식 박소담 폐 끼치고 싶진 않았어요,파일론,nan,nan,2020-03-25 16:47:05,nan,nan,nan
-,[기생충]SD 행복은 나눌수록 커지잖아요,파일론,nan,nan,2020-03-25 16:47:05,nan,nan,nan
-,wow [기생충]HD 봉준호 감독 충격 행복은 나눌수록 커지잖아요,파일론,nan,nan,2020-03-25 16:47:05,nan,nan,nan
-,[기생충]HD 송강호 이선균 조여정 최우식 박소담,파일론,nan,nan,2020-03-25 16:47:05,nan,nan,nan
-,[기생충]HD 봉준호 칸영화제 황금종려상 송강호 이선균,파일론,nan,nan,2020-03-25 16:47:05,nan,nan,nan
-,[기생충]M 송강호 이선균 최우식 박소담 폐 끼치고 싶진 않았어요,파일론,nan,nan,2020-03-25 16:47:05,nan,nan,nan
-,[ 기생충 ] 행복은 나눌수록 커지잖아요 - 2019 송강호이선균,파일론,nan,nan,2020-03-25 16:47:05,nan,nan,nan
-,[기생충]SD 행복은 나눌수록 커지잖아요,파일론,nan,nan,2020-03-25 16:47:05,nan,nan,nan
-,[기생충]SD 행복은 나눌수록 커지잖아요,파일론,nan,nan,2020-03-25 16:47:05,nan,nan,nan
-,인간을 조종하는 기생충이 나타났다 [바이러스],파일론,nan,nan,2020-03-25 16:47:05,nan,nan,nan
-,[기생충]SD 행복은 나눌수록 커지잖아요,파일론,nan,nan,2020-03-25 16:47:05,nan,nan,nan
-,[기생충]M 송강호 이선균 최우식 박소담 폐 끼치고 싶진 않았어요,파일론,nan,nan,2020-03-25 16:47:05,nan,nan,nan
-,[기생충]HD 봉준호 감독 충격 행복은 나눌수록 커지잖아요,파일론,nan,nan,2020-03-25 16:47:05,nan,nan,nan
-,[기생충]-이렇게 시작된 두 가족의 만남,파일론,nan,nan,2020-03-25 16:47:05,nan,nan,nan
-,[기생충]SD 행복은 나눌수록 커지잖아요,파일론,nan,nan,2020-03-25 16:47:05,nan,nan,nan
-,[기생충]HD 송강호 이선균 조여정 최우식 박소담,파일론,nan,nan,2020-03-25 16:47:05,nan,nan,nan
-,[기생충]HD 송강호 이선균 조여정 최우식 박소담,파일론,nan,nan,2020-03-25 16:47:05,nan,nan,nan
-,[기생충]HD 봉준호 칸영화제 황금종려상 송강호 이선균,파일론,nan,nan,2020-03-25 16:47:05,nan,nan,nan
-,wow [기생충]HD 봉준호 감독 충격 행복은 나눌수록 커지잖아요,파일론,nan,nan,2020-03-25 16:47:05,nan,nan,nan
-,[기생충]HD 봉준호 칸영화제 황금종려상 송강호 이선균 jenm,파일론,nan,nan,2020-03-25 16:47:05,nan,nan,nan
-,[기생충]M 송강호 이선균 최우식 박소담 폐 끼치고 싶진 않았어요 jenm,파일론,nan,nan,2020-03-25 16:47:05,nan,nan,nan
-,[기생충]HD 봉준호 칸영화제 황금종려상 송강호 이선균 jenm,파일론,nan,nan,2020-03-25 16:47:05,nan,nan,nan
-,[기생충]HD 봉준호 칸영화제 황금종려상 송강호 이선균 jenm,파일론,nan,nan,2020-03-25 16:47:05,nan,nan,nan
-,[기생충]HD 송강호 이선균 조여정 최우식 박소담 jenm,파일론,nan,nan,2020-03-25 16:47:05,nan,nan,nan
-,[기생충]HD 봉준호 감독 충격 행복은 나눌수록 커지잖아요 jenm,파일론,nan,nan,2020-03-25 16:47:05,nan,nan,nan
-,[기생충]SD 행복은 나눌수록 커지잖아요 jenm,파일론,nan,nan,2020-03-25 16:47:05,nan,nan,nan
-,[ 기생충 1080p FHD ] 송강호 이선균 조여정 최우식 박소담 이정은 장혜진,파일시티,nan,nan,2020-03-25 16:47:05,nan,nan,nan
-,2019 [ 기생충 1080p ] 송강호 이선균 조여정 최우식 박소담 이정은 장혜진,파일시티,nan,nan,2020-03-25 16:47:05,nan,nan,nan
-,떳따 ㅡ 기 생 충 ㅡ고화질.1080p-송강호.이선균.조여정,파일시티,nan,nan,2020-03-25 16:47:05,nan,nan,nan
-,2019 [ 기생충 1080p MP4 ] 송강호 이선균 조여정 최우식 박소담 이정은 장혜진,파일시티,nan,nan,2020-03-25 16:47:05,nan,nan,nan
-,기생충 1080p 네이버 정식,파일시티,nan,nan,2020-03-25 16:47:05,nan,nan,nan
-,기생충 720p 네이버 정식,파일시티,nan,nan,2020-03-25 16:47:05,nan,nan,nan
-,기생충 PARASITE.2019.1080p.FHDRip,파일시티,nan,nan,2020-03-25 16:47:05,nan,nan,nan
-,[2019] 08월 떳따. 봉주호 [몸.속.벌.레.기.생.충] 초고화질,파일시티,nan,nan,2020-03-25 16:47:05,nan,nan,nan
-,2019 봉준호 감독의 가족희비극 영화 기생충 5월 대개봉작,파일시티,nan,nan,2020-03-25 16:47:05,nan,nan,nan
-,2 0 1 9 FHD [ 기 생 충 ] 송 강 호 이 선 균 조 여 정 정 식 원 본 1080P,파일시티,nan,nan,2020-03-25 16:47:05,nan,nan,nan
-,기생충 [[[송간호이선균조여정최우식박소담이정은장혜진박명훈]]] 정식원본파일!!!,파일시티,nan,nan,2020-03-25 16:47:05,nan,nan,nan
-,[자체자막] 취활가족 01화 - 온 가족의 취업과의 전쟁 (기생충 홈드라마),파일시티,nan,nan,2020-03-25 16:47:05,nan,nan,nan
-,[2019] [기생충] [송강호이선균조여정박소담최우식] [평점 9.0] [1080p],파일시티,nan,nan,2020-03-25 16:47:05,nan,nan,nan
-,[ 기생충 ] 행복은 나눌수록 커지잖아요 - 2019 송강호이선균,파일시티,nan,nan,2020-03-25 16:47:05,nan,nan,nan
-,[자체자막] 취활가족 01화 - 온 가족의 취업과의 전쟁 (기생충 홈드라마),파일시티,nan,nan,2020-03-25 16:47:05,nan,nan,nan
-,기생충 2019 송강호 이선균 조여정,파일썬,nan,nan,2020-03-25 16:47:05,nan,nan,nan
-,[ 송. 강. 호. X 조. 여. 정. X 기. 생. 충. ] [ FHD ],파일썬,nan,nan,2020-03-25 16:47:05,nan,nan,nan
-,[ 송. 강. 호. X 조. 여. 정. X 기. 생. 충. ] [ FHD ],파일썬,nan,nan,2020-03-25 16:47:05,nan,nan,nan
-,[ 송. 강. 호. X 조. 여. 정. X 기. 생. 충. ] [ FHD ],파일썬,nan,nan,2020-03-25 16:47:05,nan,nan,nan
-,[ 송. 강. 호. X 조. 여. 정. X 기. 생. 충. ] [ FHD ],파일썬,nan,nan,2020-03-25 16:47:05,nan,nan,nan
-,[ 송. 강. 호. X 조. 여. 정. X 기. 생. 충. ] [ FHD ],파일썬,nan,nan,2020-03-25 16:47:05,nan,nan,nan
-,2O19.O8 [ 기 생 충 ] 송강호.이선균.최우식.박소담 1080p.FHD,파일썬,nan,nan,2020-03-25 16:47:05,nan,nan,nan
-,[ 송. 강. 호. X 조. 여. 정. X 기. 생. 충. ] [ FHD ],파일썬,nan,nan,2020-03-25 16:47:05,nan,nan,nan
-,[ 송. 강. 호. X 조. 여. 정. X 기. 생. 충. ] [ FHD ],파일썬,nan,nan,2020-03-25 16:47:05,nan,nan,nan
-,[초고화질][송강호최우식] 기.생.충_2019_1080p,파일썬,nan,nan,2020-03-25 16:47:05,nan,nan,nan
-,[초고화질][송강호최우식] 기.생.충_2019_1080p,파일썬,nan,nan,2020-03-25 16:47:05,nan,nan,nan
-,◆━━ 봉준호X송강호 떠따 ( 기 . 생 . 충 ) 정식 FHD ━━◆,파일썬,nan,nan,2020-03-25 16:47:05,nan,nan,nan
-,떠따(황금종려상) -- [ 뽕주노. ㄱl. 생. 충 ] -- 원본파일.FHD,파일썬,nan,nan,2020-03-25 16:47:05,nan,nan,nan
-,●●●●●봉준호. 기 생 충 .FHD.1080p,파일썬,nan,nan,2020-03-25 16:47:05,nan,nan,nan
-,봉준호.송강호.기생충.정품FHD.초고화질,파일썬,nan,nan,2020-03-25 16:47:05,nan,nan,nan
-,(봉준호 감독) 기 생 충.2019,파일썬,nan,nan,2020-03-25 16:47:05,nan,nan,nan
-,맨달피 [_8월 송 걍 호 떠따! (기 . 생 . 충 ) 정품 FHD 초고화질_],파일썬,nan,nan,2020-03-25 16:47:05,nan,nan,nan
-,2019.05 [ 기생충 ] 송강호.이선균.조여정 1080P,파일썬,nan,nan,2020-03-25 16:47:05,nan,nan,nan
-,기 생 충 정식FHD.고화질.1080p (송강호 이선균),파일썬,nan,nan,2020-03-25 16:47:05,nan,nan,nan
-,[초고화질][송강호최우식] 기.생.충_2019_1080p,파일썬,nan,nan,2020-03-25 16:47:05,nan,nan,nan
-,[초고화질][송강호최우식] 기.생.충_2019_1080p,파일썬,nan,nan,2020-03-25 16:47:05,nan,nan,nan
-,[초고화질][송강호최우식] 기.생.충_2019_1080p,파일썬,nan,nan,2020-03-25 16:47:05,nan,nan,nan
-,[초고화질][송강호최우식] 기.생.충_2019_1080p,파일썬,nan,nan,2020-03-25 16:47:05,nan,nan,nan
-,[ 송. 강. 호. X 조. 여. 정. X 기. 생. 충. ] [ FHD ],파일썬,nan,nan,2020-03-25 16:47:05,nan,nan,nan
-,[초고화질][송강호최우식] 기.생.충_2019_1080p,파일썬,nan,nan,2020-03-25 16:47:05,nan,nan,nan
-,[ 송. 강. 호. X 조. 여. 정. X 기. 생. 충. ] [ FHD ],파일썬,nan,nan,2020-03-25 16:47:05,nan,nan,nan
-,[ 송. 강. 호. X 조. 여. 정. X 기. 생. 충. ] [ FHD ],파일썬,nan,nan,2020-03-25 16:47:05,nan,nan,nan
-,[ 송. 강. 호. X 조. 여. 정. X 기. 생. 충. ] [ FHD ],파일썬,nan,nan,2020-03-25 16:47:05,nan,nan,nan
-,기생충 2019년 송강호 조여정,파일썬,nan,nan,2020-03-25 16:47:05,nan,nan,nan
-,2O2O년O2월 올해영화1위 [ㄱ ㅓ장의 세계]기생충아카데미경쟁작.한글자체자막,파일이즈,nan,nan,2020-03-25 16:47:05,nan,nan,nan
-,5-기-생-충-2019-b99,파일이즈,nan,nan,2020-03-25 16:47:05,nan,nan,nan
-,2020년 2월 - [ 폐인 앤 굴루리 ] - ㄱㅣ생충과 맞먹는 대작이 떴다,파일조,nan,nan,2020-03-25 16:47:05,nan,nan,nan
-,2O2O년O2월 올해영화1위 [ㄱ ㅓ장의 세계]기생충아카데미경쟁작.한글자체자막,파일조,nan,nan,2020-03-25 16:47:05,nan,nan,nan
-,몸안의기생충,파일조,nan,nan,2020-03-25 16:47:05,nan,nan,nan
-,인간을 조종하는 기생충이 나타났다 [바이러스]lulu (3),파일조,nan,nan,2020-03-25 16:47:05,nan,nan,nan
-,[ 기생충 ] -송강호 이선균- [1080p.고화질.. (64),파일조,nan,nan,2020-03-25 16:47:06,nan,nan,nan
-,[기생충]M 송강호 이선균 최우식 박소담 폐 끼치고 ..,파일조,nan,nan,2020-03-25 16:47:06,nan,nan,nan
-,2019 기생충 - FHD 송강호 이선균 조여정 1080p 초고화질,파일캐스트,nan,nan,2020-03-25 16:47:06,nan,nan,nan
-,[2009개봉]몸속에 고대 기생충이 산다THE THAW -더 소우,파일캐스트,nan,nan,2020-03-25 16:47:06,nan,nan,nan
-,2019 기생충 FHD - 송강호 이선균 조여정 1080p 초고화질,파일콕,nan,nan,2020-03-25 16:47:06,nan,nan,nan
-,[기생충]HD 봉준호 칸영화제 황금종려상 송강호 이선균,파일콕,nan,nan,2020-03-25 16:47:06,nan,nan,nan
-,[기생충]SD 행복은 나눌수록 커지잖아요 jenm,파일콕,nan,nan,2020-03-25 16:47:06,nan,nan,nan
-,[기생충]M 송강호 이선균 최우식 박소담 폐 끼치고 싶진 않았어요,파일콕,nan,nan,2020-03-25 16:47:06,nan,nan,nan
-,[기생충]-송광호의 대박영화,파일콕,nan,nan,2020-03-25 16:47:06,nan,nan,nan
-,[기생충]HD 봉준호 칸영화제 황금종려상 송강호 이선균,파일콕,nan,nan,2020-03-25 16:47:06,nan,nan,nan
-,[기생충]HD 봉준호 감독 충격 행복은 나눌수록 커지잖아요,파일콕,nan,nan,2020-03-25 16:47:06,nan,nan,nan
-,[기생충]HD 봉준호 감독 충격 행복은 나눌수록 커지잖아요,파일콕,nan,nan,2020-03-25 16:47:06,nan,nan,nan
-,[기생충]SD 행복은 나눌수록 커지잖아요 jenm,파일콕,nan,nan,2020-03-25 16:47:06,nan,nan,nan
-,[기생충]M 송강호 이선균 최우식 박소담 폐 끼치고 싶진 않았어요,파일콕,nan,nan,2020-03-25 16:47:06,nan,nan,nan
-,[기생충]HD 봉준호 칸영화제 황금종려상 송강호 이선균,파일콕,nan,nan,2020-03-25 16:47:06,nan,nan,nan
-,[기생충]M 송강호 이선균 최우식 박소담 폐 끼치고 싶진 않았어요,파일콕,nan,nan,2020-03-25 16:47:06,nan,nan,nan
-,[기생충]HD 봉준호 감독 충격 행복은 나눌수록 커지잖아요 jenm,파일콕,nan,nan,2020-03-25 16:47:06,nan,nan,nan
-,[기생충]HD 봉준호 칸영화제 황금종려상 송강호 이선균 jenm,파일콕,nan,nan,2020-03-25 16:47:06,nan,nan,nan
-,인간을 조종하는 기생충이 나타났다 [바이러스],파일콕,nan,nan,2020-03-25 16:47:06,nan,nan,nan
-,wow [기생충]HD 송강호 이선균 조여정 최우식 박소담,파일콕,nan,nan,2020-03-25 16:47:06,nan,nan,nan
-,[기생충]HD 봉준호 감독 충격 행복은 나눌수록 커지잖아요,파일콕,nan,nan,2020-03-25 16:47:06,nan,nan,nan
-,[기생충]HD 송강호 이선균 조여정 최우식 박소담,파일콕,nan,nan,2020-03-25 16:47:06,nan,nan,nan
-,[기생충]SD 행복은 나눌수록 커지잖아요,파일콕,nan,nan,2020-03-25 16:47:06,nan,nan,nan
-,WOW [기생충]HD 송강호 이선균 조여정 최우식 박소담,파일콕,nan,nan,2020-03-25 16:47:06,nan,nan,nan
-,wow [기생충]HD 봉준호 칸영화제 황금종려상 송강호 이선균,파일콕,nan,nan,2020-03-25 16:47:06,nan,nan,nan
-,WOW [기생충]HD 봉준호 감독 충격 행복은 나눌수록 커지잖아요,파일콕,nan,nan,2020-03-25 16:47:06,nan,nan,nan
-,[기생충]HD 봉준호 감독 충격 행복은 나눌수록 커지잖아요,파일콕,nan,nan,2020-03-25 16:47:06,nan,nan,nan
-,[기생충]HD 송강호 이선균 조여정 최우식 박소담,파일콕,nan,nan,2020-03-25 16:47:06,nan,nan,nan
-,[기생충]HD 송강호 이선균 조여정 최우식 박소담,파일콕,nan,nan,2020-03-25 16:47:06,nan,nan,nan
-,[기생충]M 송강호 이선균 최우식 박소담 폐 끼치고 싶진 않았어요,파일콕,nan,nan,2020-03-25 16:47:06,nan,nan,nan
-,[기생충]SD 행복은 나눌수록 커지잖아요,파일콕,nan,nan,2020-03-25 16:47:06,nan,nan,nan
-,[기생충]HD 봉준호 감독 충격 행복은 나눌수록 커지잖아요,파일콕,nan,nan,2020-03-25 16:47:06,nan,nan,nan
-,[기생충]SD 행복은 나눌수록 커지잖아요,파일콕,nan,nan,2020-03-25 16:47:06,nan,nan,nan
-,WOW [기생충]HD 송강호 이선균 조여정 최우식 박소담,파일콕,nan,nan,2020-03-25 16:47:06,nan,nan,nan
-,WOW [기생충]M 송강호 이선균 최우식 박소담 폐 끼치고 싶진 않았어요,파일콕,nan,nan,2020-03-25 16:47:06,nan,nan,nan
-,WOW [기생충]HD 봉준호 칸영화제 황금종려상 송강호 이선균,파일콕,nan,nan,2020-03-25 16:47:06,nan,nan,nan
-,WOW [기생충]HD 송강호 이선균 조여정 최우식 박소담,파일콕,nan,nan,2020-03-25 16:47:06,nan,nan,nan
-,[기생충]HD 송강호 이선균 조여정 최우식 박소담,파일콕,nan,nan,2020-03-25 16:47:06,nan,nan,nan
-,WOW [기생충]HD 봉준호 감독 충격 행복은 나눌수록 커지잖아요,파일콕,nan,nan,2020-03-25 16:47:06,nan,nan,nan
-,WOW [기생충]HD 봉준호 칸영화제 황금종려상 송강호 이선균,파일콕,nan,nan,2020-03-25 16:47:06,nan,nan,nan
-,[기생충]M 송강호 이선균 최우식 박소담 폐 끼치고 싶진 않았어요 jenm,파일콕,nan,nan,2020-03-25 16:47:06,nan,nan,nan
-,[기생충]SD 행복은 나눌수록 커지잖아요 jenm,파일콕,nan,nan,2020-03-25 16:47:06,nan,nan,nan
-,[기생충]HD 봉준호 칸영화제 황금종려상 송강호 이선균 jenm,파일콕,nan,nan,2020-03-25 16:47:06,nan,nan,nan
-,[기생충]M 송강호 이선균 최우식 박소담 폐 끼치고 싶진 않았어요,파일콕,nan,nan,2020-03-25 16:47:06,nan,nan,nan
-,[기생충]HD 봉준호 칸영화제 황금종려상 송강호 이선균 jenm,파일콕,nan,nan,2020-03-25 16:47:06,nan,nan,nan
-,[기생충]M 송강호 이선균 최우식 박소담 폐 끼치고 싶진 않았어요 jenm,파일콕,nan,nan,2020-03-25 16:47:06,nan,nan,nan
-,2019 기생충 FHD - 송강호 이선균 조여정 1080p 초고화질,파일콕,nan,nan,2020-03-25 16:47:06,nan,nan,nan
-,<기생충> - 고화질 FHD 송강호 이선균 조여정 최우식 박소담,파일쿠기,nan,nan,2020-03-25 16:47:06,nan,nan,nan
-,[기생충]HD 봉준호 칸영화제 황금종려상 송강호 이선균,파일투어,nan,nan,2020-03-25 16:47:06,nan,nan,nan
-,WOW [기생충]HD 봉준호 칸영화제 황금종려상 송강호 이선균,파일투어,nan,nan,2020-03-25 16:47:06,nan,nan,nan
-,WOW [기생충]HD 봉준호 감독 충격 행복은 나눌수록 커지잖아요,파일투어,nan,nan,2020-03-25 16:47:06,nan,nan,nan
-,[기생충]HD 송강호 이선균 조여정 최우식 박소담,파일투어,nan,nan,2020-03-25 16:47:06,nan,nan,nan
-,[기생충]HD 송강호 이선균 조여정 최우식 박소담,파일투어,nan,nan,2020-03-25 16:47:06,nan,nan,nan
-,[기생충]HD 봉준호 감독 충격 행복은 나눌수록 커지잖아요,파일투어,nan,nan,2020-03-25 16:47:06,nan,nan,nan
-,[기생충]SD 행복은 나눌수록 커지잖아요,파일투어,nan,nan,2020-03-25 16:47:06,nan,nan,nan
-,WOW [기생충]HD 봉준호 칸영화제 황금종려상 송강호 이선균,파일투어,nan,nan,2020-03-25 16:47:06,nan,nan,nan
-,[기생충]HD 봉준호 감독 충격 행복은 나눌수록 커지잖아요 jenm,파일투어,nan,nan,2020-03-25 16:47:06,nan,nan,nan
-,wow [기생충]HD 봉준호 칸영화제 황금종려상 송강호 이선균,파일투어,nan,nan,2020-03-25 16:47:06,nan,nan,nan
-,[기생충]HD 봉준호 감독 충격 행복은 나눌수록 커지잖아요,파일투어,nan,nan,2020-03-25 16:47:06,nan,nan,nan
-,[기생충]M 송강호 이선균 최우식 박소담 폐 끼치고 싶진 않았어요,파일투어,nan,nan,2020-03-25 16:47:06,nan,nan,nan
-,wow [기생충]HD 송강호 이선균 조여정 최우식 박소담,파일투어,nan,nan,2020-03-25 16:47:06,nan,nan,nan
-,WOW [기생충]HD 봉준호 칸영화제 황금종려상 송강호 이선균,파일투어,nan,nan,2020-03-25 16:47:06,nan,nan,nan
-,[기생충]HD 송강호 이선균 조여정 최우식 박소담,파일함,nan,nan,2020-03-25 16:47:06,nan,nan,nan
-,[기생충]HD 송강호 이선균 조여정 최우식 박소담 jenm,파일함,nan,nan,2020-03-25 16:47:06,nan,nan,nan
-,[기생충]M 송강호 이선균 최우식 박소담 폐 끼치고 싶진 않았어요 jenm,파일함,nan,nan,2020-03-25 16:47:06,nan,nan,nan
-,[기생충]HD 봉준호 감독 충격 행복은 나눌수록 커지잖아요,파일함,nan,nan,2020-03-25 16:47:06,nan,nan,nan
-,[기생충]SD 행복은 나눌수록 커지잖아요,파일함,nan,nan,2020-03-25 16:47:06,nan,nan,nan
-,WOW [기생충]HD 송강호 이선균 조여정 최우식 박소담,파일함,nan,nan,2020-03-25 16:47:06,nan,nan,nan
-,[기생충]SD 행복은 나눌수록 커지잖아요,파일함,nan,nan,2020-03-25 16:47:06,nan,nan,nan
-,[기생충]M 송강호 이선균 최우식 박소담 폐 끼치고 싶진 않았어요,파일함,nan,nan,2020-03-25 16:47:06,nan,nan,nan
-,[기생충]HD 봉준호 칸영화제 황금종려상 송강호 이선균 jenm,파일함,nan,nan,2020-03-25 16:47:06,nan,nan,nan
-,wow [기생충]M 송강호 이선균 최우식 박소담 폐 끼치고 싶진 않았어요,파일함,nan,nan,2020-03-25 16:47:06,nan,nan,nan
-,[기생충]HD 봉준호 감독 충격 행복은 나눌수록 커지잖아요,파일함,nan,nan,2020-03-25 16:47:06,nan,nan,nan
-,WOW [기생충]HD 봉준호 감독 충격 행복은 나눌수록 커지잖아요,파일함,nan,nan,2020-03-25 16:47:06,nan,nan,nan
-,[기생충]HD 봉준호 감독 충격 행복은 나눌수록 커지잖아요,파일함,nan,nan,2020-03-25 16:47:06,nan,nan,nan
-,[기생충]HD 봉준호 칸영화제 황금종려상 송강호 이선균,파일함,nan,nan,2020-03-25 16:47:06,nan,nan,nan
-,[기생충]M 송강호 이선균 최우식 박소담 폐 끼치고 싶진 않았어요 jenm,파일함,nan,nan,2020-03-25 16:47:06,nan,nan,nan
-,[기생충]SD 행복은 나눌수록 커지잖아요 jenm,파일함,nan,nan,2020-03-25 16:47:06,nan,nan,nan
-,[기생충]HD 송강호 이선균 조여정 최우식 박소담 jenm,파일함,nan,nan,2020-03-25 16:47:06,nan,nan,nan
-,[기생충]M 송강호 이선균 최우식 박소담 폐 끼치고 싶진 않았어요 jenm,피디팝,nan,nan,2020-03-25 16:47:06,nan,nan,nan
-,기생충.PARASITE.2019.1080p.FHDRip,피디팝,nan,nan,2020-03-25 16:47:06,nan,nan,nan
-,1080p-[ 기생충 ] 송강호.이선균.조여정.박소담 2019,피디팝,nan,nan,2020-03-25 16:47:06,nan,nan,nan
-,[ 기생충 ] 행복은 나눌수록 커지잖아요 - 2019 송강호이선균,피디팝,nan,nan,2020-03-25 16:47:06,nan,nan,nan
-,2020년 2월 - [ 폐인 앤 굴루리 ] - ㄱㅣ생충과 맞먹는 대작이 떴다,피디팝,nan,nan,2020-03-25 16:47:06,nan,nan,nan
-,[ㅡ 베 . 놈 .기생충 ㅡ] 톰하디. 영웅인가 악당인가.초고화질,피디팝,nan,nan,2020-03-25 16:47:06,nan,nan,nan
-,[ 기생충 (2019) ] - 송강호. 이선균. 조여정. 최우식. 박소담. 봉준호 감독작,피디팝,nan,nan,2020-03-25 16:47:06,nan,nan,nan
-,기생충 (PARASITE 2019),피디팝,nan,nan,2020-03-25 16:47:06,nan,nan,nan
-,[ㅡ 베 . 놈 .기생충 ㅡ] 톰하디. 영웅인가 악당인가.초고화질,피디팝,nan,nan,2020-03-25 16:47:06,nan,nan,nan
-,[ 기생충 (2019) ] - 송강호. 이선균. 조여정. 최우식. 박소담. 봉준호 감독작,피디팝,nan,nan,2020-03-25 16:47:06,nan,nan,nan
-,[기생충]HD 봉준호 감독 충격 행복은 나눌수록 커지잖아요 jenm,피디팝,nan,nan,2020-03-25 16:47:06,nan,nan,nan
-,[기생충]M 송강호 이선균 최우식 박소담 폐 끼치고 싶진 않았어요 jenm,피디팝,nan,nan,2020-03-25 16:47:06,nan,nan,nan
-,[ 기생충 1080p FHD ] 2019 송강호 이선균 조여정 평점 8.5,피디팝,nan,nan,2020-03-25 16:47:06,nan,nan,nan
-,[기생충]HD 봉준호 감독 충격 행복은 나눌수록 커지잖아요 jenm,피디팝,nan,nan,2020-03-25 16:47:06,nan,nan,nan
-,2019 - 기생충.FHD1080p,피디팝,nan,nan,2020-03-25 16:47:06,nan,nan,nan
-,기생충.PARASITE.2019.1080p.FHDRip.H264.AAC-NonDRM_fix.mp4,피디팝,nan,nan,2020-03-25 16:47:06,nan,nan,nan
-,[기생충]M 송강호 이선균 최우식 박소담 폐 끼치고 싶진 않았어요 jenm,피디팝,nan,nan,2020-03-25 16:47:06,nan,nan,nan
-,이런기생충을보았나,피디팝,nan,nan,2020-03-25 16:47:07,nan,nan,nan
-,기.생.충.,피디팝,nan,nan,2020-03-25 16:47:07,nan,nan,nan
-,기생충 (PARASITE 2019).1080p.FHD.송강호.이선균.조여정,피디팝,nan,nan,2020-03-25 16:47:07,nan,nan,nan
-,[ 기생충 ] PARASITE.2019.1080p.FHDRip.H264.AAC-NonDRM,피디팝,nan,nan,2020-03-25 16:47:07,nan,nan,nan
-,[기생충]HD 봉준호 감독 충격 행복은 나눌수록 커지잖아요 jenm,피디팝,nan,nan,2020-03-25 16:47:07,nan,nan,nan
-,[ 기생충 (2019) ] - 송강호. 이선균. 조여정. 최우식. 박소담. 봉준호 감독작,피디팝,nan,nan,2020-03-25 16:47:07,nan,nan,nan
-,[기생충]M 송강호 이선균 최우식 박소담 폐 끼치고 싶진 않았어요 jenm,피디팝,nan,nan,2020-03-25 16:47:07,nan,nan,nan
겨울왕국2,떳다! [ 겨 울 왕 국 2 ] 엘사와 안나의 새로운 모험! (초고화질 자체자막) ,메가파일,nan,nan,2020-03-25 16:47:07,nan,nan,nan
-,[최신작]겨울왕국2와 흥행대결하는 신작애니[ 백 ㅅㅏ ]고화질 완벽자막,메가파일,nan,nan,2020-03-25 16:47:07,nan,nan,nan
-,겨울왕국 (2013년)[극장판]-우리말더빙 선택가능,본디스크,nan,nan,2020-03-25 16:47:07,nan,nan,nan
-,겨울왕국2나와 맞짱뜨자 애니-104-연기(나타의 흥행을 이어서FHD1080p,본디스크,nan,nan,2020-03-25 16:47:07,nan,nan,nan
-,[2019 3D 대작] 겨울왕국2 저리가라 [백이무기] 굿자막,본디스크,nan,nan,2020-03-25 16:47:07,nan,nan,nan
-,[01월] 정식자막 [ 겨 울 왕 국 2 ] .FHD.1O8OP.초고화질,빅파일,nan,nan,2020-03-25 16:47:07,nan,nan,nan
-,(안보면후회) 애니영화 [ 겨울왕국2와 흥행격돌 ]ㅡ백사,빅파일,nan,nan,2020-03-25 16:47:07,nan,nan,nan
-,[01월] [ 겨 울 왕 국 2 ] .FHD.1O8OP.초고화질,빅파일,nan,nan,2020-03-25 16:47:07,nan,nan,nan
-,2020.01 [ 겨 울 왕 국 2 ] 고화질.1080P.완벽자막,빅파일,nan,nan,2020-03-25 16:47:07,nan,nan,nan
-,[01월] [ 겨 울 왕 국 2 ] 엘사 x 안나.FHD.1O8OP.초고화질,빅파일,nan,nan,2020-03-25 16:47:07,nan,nan,nan
-,[11월] 흥행격돌 [ 겨울왕국2와 맞대결 ] 나타의 흥행을 이어.. (22),빅파일,nan,nan,2020-03-25 16:47:07,nan,nan,nan
-,[11월] 흥행격돌 [ 겨울왕국2와 맞대결 ] 나타의 흥행을 이어.. (22),빅파일,nan,nan,2020-03-25 16:47:07,nan,nan,nan
-,[11월] 흥행격돌 [ 겨울왕국2와 맞대결 ] 나타의 흥행을 이어.. (22),빅파일,nan,nan,2020-03-25 16:47:07,nan,nan,nan
-,[11월] 흥행격돌 [ 겨울왕국2와 맞대결 ] 나타의 흥행을 이어.. (22),빅파일,nan,nan,2020-03-25 16:47:07,nan,nan,nan
-,[11월] 흥행격돌 [ 겨울왕국2와 맞대결 ] 나타의 흥행을 이어..,빅파일,nan,nan,2020-03-25 16:47:07,nan,nan,nan
-,[11월] 흥행격돌 [ 겨울왕국2와 맞대결 ] 나타의 흥행을 이어..,빅파일,nan,nan,2020-03-25 16:47:07,nan,nan,nan
-,[11월] 흥행격돌 [ 겨울왕국2와 맞대결 ] 나타의 흥행을 이어..,빅파일,nan,nan,2020-03-25 16:47:07,nan,nan,nan
-,[11월] 흥행격돌 [ 겨울왕국2와 맞대결 ] 나타의 흥행을 이어..,빅파일,nan,nan,2020-03-25 16:47:07,nan,nan,nan
-,[11월] 흥행격돌 [ 겨울왕국2와 맞대결 ] 나타의 흥행을 이어..,빅파일,nan,nan,2020-03-25 16:47:07,nan,nan,nan
-,[11월] 흥행격돌 [ 겨울왕국2와 맞대결 ] 나타의 흥행을 이어..,빅파일,nan,nan,2020-03-25 16:47:07,nan,nan,nan
-,[11월] 흥행격돌 [ 겨울왕국2와 맞대결 ] 나타의 흥행을 이어..,빅파일,nan,nan,2020-03-25 16:47:07,nan,nan,nan
-,[11월] 흥행격돌 [ 겨울왕국2와 맞대결 ] 나타의 흥행을 이어..,빅파일,nan,nan,2020-03-25 16:47:07,nan,nan,nan
-,[11월] 흥행격돌 [ 겨울왕국2와 맞대결 ] 나타의 흥행을 이어..,빅파일,nan,nan,2020-03-25 16:47:07,nan,nan,nan
-,2O2O년O1월 [ㅡㄱㅕ울 왕 국 2 : ㅅH로운 운명ㅡ] 한영 실시간.. (6),빅파일,nan,nan,2020-03-25 16:47:07,nan,nan,nan
-,[01월] 정식자막 [ 겨 울 왕 국 2 ] .FHD.1O8OP.초고화질 (60),빅파일,nan,nan,2020-03-25 16:47:07,nan,nan,nan
-,[01월] 정식자막 [ 겨 울 왕 국 2 ] .FHD.1O8OP.초고화질 (60),빅파일,nan,nan,2020-03-25 16:47:07,nan,nan,nan
-,[01월] 정식자막 [ 겨 울 왕 국 2 ] .FHD.1O8OP.초고화질 (60),빅파일,nan,nan,2020-03-25 16:47:07,nan,nan,nan
-,01월(완벽한글자막) [--+++ ㄱㅕ 울 왕 국 2 +++--] 엘사의위.. (6),빅파일,nan,nan,2020-03-25 16:47:07,nan,nan,nan
-,01월(완벽한글자막) [--+++ ㄱㅕ 울 왕 국 2 +++--] 엘사의위.. (6),빅파일,nan,nan,2020-03-25 16:47:07,nan,nan,nan
-,01월(완벽한글자막) [--+++ ㄱㅕ 울 왕 국 2 +++--] 엘사의위.. (6),빅파일,nan,nan,2020-03-25 16:47:07,nan,nan,nan
-,01월(완벽한글자막) [--+++ ㄱㅕ 울 왕 국 2 +++--] 엘사의위.. (6),빅파일,nan,nan,2020-03-25 16:47:07,nan,nan,nan
-,[01월] [ 겨 울 왕 국 2 ] 엘사 x 안나.FHD.1O8OP.초고화질 (20),빅파일,nan,nan,2020-03-25 16:47:07,nan,nan,nan
-,[01월] [ 겨 울 왕 국 2 ] 엘사 x 안나.FHD.1O8OP.초고화질 (20),빅파일,nan,nan,2020-03-25 16:47:07,nan,nan,nan
-,[01월] [ 겨 울 왕 국 2 ] 엘사 x 안나.FHD.1O8OP.초고화질 (20),빅파일,nan,nan,2020-03-25 16:47:07,nan,nan,nan
-,2020.01 [ 겨 울 왕 국 2 ] 고화질.1080P.완벽자막,빅파일,nan,nan,2020-03-25 16:47:07,nan,nan,nan
-,[01월] [ 겨 울 왕 국 2 ] .FHD.1O8OP.초고화질 (253),빅파일,nan,nan,2020-03-25 16:47:07,nan,nan,nan
-,2020.01 [ 겨 울 왕 국 2 ] 고화질.1080P.완벽자막 (2),빅파일,nan,nan,2020-03-25 16:47:07,nan,nan,nan
-,2020.01 [ 겨 울 왕 국 2 ] 고화질.1080P.완벽자막 (2),빅파일,nan,nan,2020-03-25 16:47:07,nan,nan,nan
-,2020.01 [ 겨 울 왕 국 2 ] 고화질.1080P.완벽자막 (2),빅파일,nan,nan,2020-03-25 16:47:07,nan,nan,nan
-,(안보면후회) 애니영화 [ 겨울왕국2와 흥행격돌 ]ㅡ백사 (11),빅파일,nan,nan,2020-03-25 16:47:07,nan,nan,nan
-,2020.01 [ 겨 울 왕 국 2 ] 고화질.1080P.완벽자막 (2),빅파일,nan,nan,2020-03-25 16:47:07,nan,nan,nan
-,(안보면후회) 애니영화 [ 겨울왕국2와 흥행격돌 ]ㅡ백사 (11),빅파일,nan,nan,2020-03-25 16:47:07,nan,nan,nan
-,[01월] [ 겨 울 왕 국 2 ] 엘사 x 안나.FHD.1O8OP.초고화질 (1),빅파일,nan,nan,2020-03-25 16:47:07,nan,nan,nan
-,2020.01 [ 겨 울 왕 국 2 ] 고화질.1080P.완벽자막 (2),빅파일,nan,nan,2020-03-25 16:47:07,nan,nan,nan
-,(안보면후회) 애니영화 [ 겨울왕국2와 흥행격돌 ]ㅡ백사 (11),빅파일,nan,nan,2020-03-25 16:47:07,nan,nan,nan
-,[01월] [ 겨 울 왕 국 2 ] 엘사 x 안나.FHD.1O8OP.초고화질 (1),빅파일,nan,nan,2020-03-25 16:47:07,nan,nan,nan
-,2020.01 [ 겨 울 왕 국 2 ] 고화질.1080P.완벽자막 (2),빅파일,nan,nan,2020-03-25 16:47:07,nan,nan,nan
-,(안보면후회) 애니영화 [ 겨울왕국2와 흥행격돌 ]ㅡ백사 (11),빅파일,nan,nan,2020-03-25 16:47:07,nan,nan,nan
-,[01월] [ 겨 울 왕 국 2 ] 엘사 x 안나.FHD.1O8OP.초고화질 (1),빅파일,nan,nan,2020-03-25 16:47:07,nan,nan,nan
-,[화질개선판][ 겨 울 왕 국 2 ][자체자막][고화질],빅파일,nan,nan,2020-03-25 16:47:07,nan,nan,nan
-,[화질개선판][ 겨 울 왕 국 2 ][자체자막][고화질],빅파일,nan,nan,2020-03-25 16:47:07,nan,nan,nan
-,[화질개선판][ 겨 울 왕 국 2 ][자체자막][고화질],빅파일,nan,nan,2020-03-25 16:47:07,nan,nan,nan
-,[화질개선판][ 겨 울 왕 국 2 ][자체자막][고화질],빅파일,nan,nan,2020-03-25 16:47:07,nan,nan,nan
-,[화질개선판][ 겨 울 왕 국 2 ][자체자막][고화질],빅파일,nan,nan,2020-03-25 16:47:07,nan,nan,nan
-,[화질개선판][ 겨 울 왕 국 2 ][자체자막][고화질],빅파일,nan,nan,2020-03-25 16:47:07,nan,nan,nan
-,2020.01 [ 겨 울 왕 국 2 ] 고화질.1080P.완벽자막 (17),빅파일,nan,nan,2020-03-25 16:47:07,nan,nan,nan
-,2020.01 [ 겨 울 왕 국 2 ] 고화질.1080P.완벽자막 (17),빅파일,nan,nan,2020-03-25 16:47:07,nan,nan,nan
-,2020.01 [ 겨 울 왕 국 2 ] 고화질.1080P.완벽자막 (17),빅파일,nan,nan,2020-03-25 16:47:07,nan,nan,nan
-,2020.01 [ 겨 울 왕 국 2 ] 고화질.1080P.완벽자막 (17),빅파일,nan,nan,2020-03-25 16:47:07,nan,nan,nan
-,2020.01 [ 겨 울 왕 국 2 ] 고화질.1080P.완벽자막 (17),빅파일,nan,nan,2020-03-25 16:47:07,nan,nan,nan
-,2020.01 [ 겨 울 왕 국 2 ] 고화질.1080P.완벽자막 (17),빅파일,nan,nan,2020-03-25 16:47:07,nan,nan,nan
-,[01월] [ 겨 울 왕 국 2 ] 엘사 x 안나.FHD.1O8OP.초고화질,빅파일,nan,nan,2020-03-25 16:47:07,nan,nan,nan
-,[20.01][ 겨울왕국2와 오스카후보 ]백사전(여주와 사랑에 빠짐.. (2),빅파일,nan,nan,2020-03-25 16:47:07,nan,nan,nan
-,[11월] 흥행격돌 [ 겨울왕국2와 맞대결 ] 나타의 흥행을 이어..,빅파일,nan,nan,2020-03-25 16:47:07,nan,nan,nan
-,[11월] 흥행격돌 [ 겨울왕국2와 맞대결 ] 나타의 흥행을 이어..,빅파일,nan,nan,2020-03-25 16:47:07,nan,nan,nan
-,[11월] 흥행격돌 [ 겨울왕국2와 맞대결 ] 나타의 흥행을 이어..,빅파일,nan,nan,2020-03-25 16:47:07,nan,nan,nan
-,[11월] 흥행격돌 [ 겨울왕국2와 맞대결 ] 나타의 흥행을 이어..,빅파일,nan,nan,2020-03-25 16:47:07,nan,nan,nan
-,2020.01 [ 겨 울 왕 국 2 ] 고화질.1080P.완벽자막 (1),빅파일,nan,nan,2020-03-25 16:47:07,nan,nan,nan
-,2020.01 [ 겨 울 왕 국 2 ] 고화질.1080P.완벽자막 (1),빅파일,nan,nan,2020-03-25 16:47:07,nan,nan,nan
-,2020.01 [ 겨 울 왕 국 2 ] 고화질.1080P.완벽자막 (1),빅파일,nan,nan,2020-03-25 16:47:07,nan,nan,nan
-,2020.01 [ 겨 울 왕 국 2 ] 1080P.완벽자막 (4),빅파일,nan,nan,2020-03-25 16:47:07,nan,nan,nan
-,2020.01 [ 겨 울 왕 국 2 ] 1080P.완벽자막 (4),빅파일,nan,nan,2020-03-25 16:47:07,nan,nan,nan
-,[2019 최고의 애니] 겨울 왕국 2 - 올 겨울을 가장 핫하게 만.. (1),빅파일,nan,nan,2020-03-25 16:47:07,nan,nan,nan
-,[01월] [ 겨 울 왕 국 2 ] 엘사 x 안나.FHD.1O8OP.초고화질,빅파일,nan,nan,2020-03-25 16:47:07,nan,nan,nan
-,[01월] [ 겨 울 왕 국 2 ] 엘사 x 안나.FHD.1O8OP.초고화질,빅파일,nan,nan,2020-03-25 16:47:07,nan,nan,nan
-,[01월] [ 겨 울 왕 국 2 ] 엘사 x 안나.FHD.1O8OP.초고화질,빅파일,nan,nan,2020-03-25 16:47:07,nan,nan,nan
-,[01월] [ 겨 울 왕 국 2 ] 엘사 x 안나.FHD.1O8OP.초고화질,빅파일,nan,nan,2020-03-25 16:47:07,nan,nan,nan
-,[01월] [ 겨 울 왕 국 2 ] 엘사 x 안나.FHD.1O8OP.초고화질,빅파일,nan,nan,2020-03-25 16:47:07,nan,nan,nan
-,[01월] [ 겨 울 왕 국 2 ] 엘사 x 안나.FHD.1O8OP.초고화질,빅파일,nan,nan,2020-03-25 16:47:07,nan,nan,nan
-,[01월] [ 겨 울 왕 국 2 ] 엘사 x 안나.FHD.1O8OP.초고화질,빅파일,nan,nan,2020-03-25 16:47:07,nan,nan,nan
-,[01월] [ 겨 울 왕 국 2 ] 엘사 x 안나.FHD.1O8OP.초고화질,빅파일,nan,nan,2020-03-25 16:47:07,nan,nan,nan
-,2020.01 [ 겨 울 왕 국 2 ] 고화질.1080P.완벽자막 (3),빅파일,nan,nan,2020-03-25 16:47:07,nan,nan,nan
-,2020.01 [ 겨 울 왕 국 2 ] 고화질.1080P.완벽자막 (3),빅파일,nan,nan,2020-03-25 16:47:07,nan,nan,nan
-,2020.01 [ 겨 울 왕 국 2 ] 고화질.1080P.완벽자막 (3),빅파일,nan,nan,2020-03-25 16:47:07,nan,nan,nan
-,[01월] [ 겨 울 왕 국 2 ] 엘사 x 안나.FHD.1O8OP (3),빅파일,nan,nan,2020-03-25 16:47:07,nan,nan,nan
-,[2019 최고의 애니] 겨울 왕국 2 - 올 겨울을 가장 핫하게 만.. (12),빅파일,nan,nan,2020-03-25 16:47:07,nan,nan,nan
-,2020.01 [ 겨 울 왕 국 2 ] 고화질.1080P.완벽자막 (8),빅파일,nan,nan,2020-03-25 16:47:07,nan,nan,nan
-,2020.01 [ 겨 울 왕 국 2 ] 고화질.1080P.완벽자막 (8),빅파일,nan,nan,2020-03-25 16:47:07,nan,nan,nan
-,(초고화질) 애니영화 흥행격돌! [: 겨울왕국2 ㄲㅓ져라 :] - 나타의 흥행을 이어서 -,빅파일,nan,nan,2020-03-25 16:47:07,nan,nan,nan
-,겨울왕국 2 보기 전에 1부터 보고 가자잉,빅파일,nan,nan,2020-03-25 16:47:07,nan,nan,nan
-,겨울왕국 2 보기 전에 1부터 보고 가자잉,빅파일,nan,nan,2020-03-25 16:47:07,nan,nan,nan
-,(초고화질) 애니영화 흥행격돌! [: 겨울왕국2 ㄲㅓ져라 :] - .. (2),빅파일,nan,nan,2020-03-25 16:47:07,nan,nan,nan
-,겨울왕국 2 보기 전에 1부터 보고 가자잉,빅파일,nan,nan,2020-03-25 16:47:07,nan,nan,nan
-,(초고화질) 애니영화 흥행격돌! [: 겨울왕국2 ㄲㅓ져라 :] - .. (2),빅파일,nan,nan,2020-03-25 16:47:07,nan,nan,nan
-,겨울왕국 2 보기 전에 1부터 보고 가자잉,빅파일,nan,nan,2020-03-25 16:47:07,nan,nan,nan
-,(초고화질) 애니영화 흥행격돌! [: 겨울왕국2 ㄲㅓ져라 :] - .. (2),빅파일,nan,nan,2020-03-25 16:47:07,nan,nan,nan
-,겨울왕국 2 보기 전에 1부터 보고 가자잉,빅파일,nan,nan,2020-03-25 16:47:07,nan,nan,nan
-,(초고화질) 애니영화 흥행격돌! [: 겨울왕국2 ㄲㅓ져라 :] - .. (2),빅파일,nan,nan,2020-03-25 16:47:07,nan,nan,nan
-,[11월] 떠따 흥행격돌 [ 겨울왕국2와 맞대결 ] 나타의 흥행을.. (2),빅파일,nan,nan,2020-03-25 16:47:07,nan,nan,nan
-,[11월] 떠따 흥행격돌 [ 겨울왕국2와 맞대결 ] 나타의 흥행을.. (2),빅파일,nan,nan,2020-03-25 16:47:07,nan,nan,nan
-,[11월] 떠따 흥행격돌 [ 겨울왕국2와 맞대결 ] 나타의 흥행을.. (2),빅파일,nan,nan,2020-03-25 16:47:07,nan,nan,nan
-,[11월] 떠따 흥행격돌 [ 겨울왕국2와 맞대결 ] 나타의 흥행을.. (2),빅파일,nan,nan,2020-03-25 16:47:07,nan,nan,nan
-,[11월] 떠따 흥행격돌 [ 겨울왕국2와 맞대결 ] 나타의 흥행을.. (2),빅파일,nan,nan,2020-03-25 16:47:07,nan,nan,nan
-,[11월] 떠따 흥행격돌 [ 겨울왕국2와 맞대결 ] 나타의 흥행을.. (2),빅파일,nan,nan,2020-03-25 16:47:07,nan,nan,nan
-,[11월] 떠따 흥행격돌 [ 겨울왕국2와 맞대결 ] 나타의 흥행을.. (2),빅파일,nan,nan,2020-03-25 16:47:07,nan,nan,nan
-,[11월] 떠따 흥행격돌 [ 겨울왕국2와 맞대결 ] 나타의 흥행을.. (2),빅파일,nan,nan,2020-03-25 16:47:07,nan,nan,nan
-,[11월] 떠따 흥행격돌 [ 겨울왕국2와 맞대결 ] 나타의 흥행을.. (2),빅파일,nan,nan,2020-03-25 16:47:07,nan,nan,nan
-,12월(흥행돌풍)[: - - 빽 ㅆ ㅏ- :]ㄱㅕ울왕국2와맞대결-한글..,빅파일,nan,nan,2020-03-25 16:47:07,nan,nan,nan
-,12월(흥행돌풍)[: - - 빽 ㅆ ㅏ- :]ㄱㅕ울왕국2와맞대결-한글..,빅파일,nan,nan,2020-03-25 16:47:07,nan,nan,nan
-,12월(흥행돌풍)[: - - 빽 ㅆ ㅏ- :]ㄱㅕ울왕국2와맞대결-한글..,빅파일,nan,nan,2020-03-25 16:47:07,nan,nan,nan
-,(초고화질) 애니영화 흥행격돌 [: 겨울왕국2와 흥행 대결 :] .. (2),빅파일,nan,nan,2020-03-25 16:47:07,nan,nan,nan
-,(초고화질) 애니영화 흥행격돌 [: 겨울왕국2와 흥행 대결 :] .. (2),빅파일,nan,nan,2020-03-25 16:47:07,nan,nan,nan
-,O1월.[FHD][자체자막] 겨.울.왕.국.2_2020_1080p,쉐어박스,nan,nan,2020-03-25 16:47:07,nan,nan,nan
-,[11월] 떠따 흥행격돌 [ 겨울왕국2와 맞대결 ] 나타의 흥행을 이어서.FHD.1080P,스마트파일,nan,nan,2020-03-25 16:47:08,nan,nan,nan
-,2O2O [ 겨 . 울 . 왕 . 국 2 ] 초고화질 자체자막 -최신 영화 -,애플파일,nan,nan,2020-03-25 16:47:08,nan,nan,nan
-,2020.01 [ 겨 울 왕 국 2 ] 고화질.1080P.완벽자막,애플파일,nan,nan,2020-03-25 16:47:08,nan,nan,nan
-,［겨울왕국 초고화질 우리말더빙］겨울왕국2 보기전에 다시보자!!,애플파일,nan,nan,2020-03-25 16:47:08,nan,nan,nan
-,[11월] 떠따 흥행격돌 [ 겨울왕국2와 맞대결 ] 나타의 흥행을 이어서.FHD.1080P,애플파일,nan,nan,2020-03-25 16:47:08,nan,nan,nan
-,2020.01월 [ 겨 울 왕 국 2 ] 자 막 없 음 영 음 버전 (1),예스파일,nan,nan,2020-03-25 16:47:08,nan,nan,nan
-,2020.01월 떳 다 완벽 자막 [ 겨 울 왕 국 2 ] 1080p (8),예스파일,nan,nan,2020-03-25 16:47:08,nan,nan,nan
-,2020 한글자체자막 [겨.울.왕.국.2],예스파일,nan,nan,2020-03-25 16:47:08,nan,nan,nan
-,[11월] 흥행격돌 겨울왕국2와 맞대결 나타의 흥행을 이어.FHD.1080P,예스파일,nan,nan,2020-03-25 16:47:08,nan,nan,nan
-,[HOT] 겨울왕국 2 (Frozen 2 2019) OST. #고음질. 320kbps,예스파일,nan,nan,2020-03-25 16:47:08,nan,nan,nan
-,[최신작]겨울왕국2와 흥행대결하는 신작애니[ 백 ㅅㅏ ]고화질 완벽자막,예스파일,nan,nan,2020-03-25 16:47:08,nan,nan,nan
-,겨울왕국2나와 맞짱뜨자 애니-104-연기(나타의 흥행을 이어서FHD1080p,위디스크,nan,nan,2020-03-25 16:47:08,nan,nan,nan
-,[최신작]겨울왕국2와 흥행대결하는 신작애니[ 백 ㅅㅏ ]고화질 완벽자막,위디스크,nan,nan,2020-03-25 16:47:08,nan,nan,nan
-,겨울왕국 2 OST Original Motion Picture Soundtrack(2019) [FLAC],위디스크,nan,nan,2020-03-25 16:47:08,nan,nan,nan
-,2O2O년O1월 [:ㅡㄱㅕ울 왕 국 2 : ㅅH로운 운명ㅡ:] 한영 실시간자막,위디스크,nan,nan,2020-03-25 16:47:08,nan,nan,nan
-,[ 완벽 자막 ] 떳 다 완벽 자막 [ 겨 울 왕 국 2 ] FHD Rip,위디스크,nan,nan,2020-03-25 16:47:08,nan,nan,nan
-,2O2O년O1월(완벽한글)[ㅡ ㄱㅕ울 왕 국 2 ㅡ]엘ㅅㅏ의귀환-1O8OP.한글자체자막,위디스크,nan,nan,2020-03-25 16:47:08,nan,nan,nan
-,떴다!! 정식자막 고화질[ 겨 울 .왕 .국 2 ] 한글자체1080p,위디스크,nan,nan,2020-03-25 16:47:08,nan,nan,nan
-,2O2O.O1월-[ 완벽자막 ]- [ ㅡㄱㅕ 울 왕 국 2 -ㅅH로운 운명- ],위디스크,nan,nan,2020-03-25 16:47:08,nan,nan,nan
-,애니메이션대작-말하면뭘해 걍봐 - 겨울왕국 2 (Frozen 2 2019)한글자막,위디스크,nan,nan,2020-03-25 16:47:08,nan,nan,nan
-,겨울왕국 2 Frozen 2.2019.1080p.KOR.FHDRip.H264.AAC-RTM,위디스크,nan,nan,2020-03-25 16:47:08,nan,nan,nan
-,2020년01월. 완벽한글자막 [ 겨 울 왕 국 2 ] 1080p,위디스크,nan,nan,2020-03-25 16:47:08,nan,nan,nan
-,2020년01월. 완벽자체한글 (( 겨 울 왕 국 2 )) 1080p,위디스크,nan,nan,2020-03-25 16:47:08,nan,nan,nan
-,2020년01월. 완벽한글 ( 겨 울 왕 국 2 ) 1080p,위디스크,nan,nan,2020-03-25 16:47:08,nan,nan,nan
-,[최신작]겨울왕국2와 흥행대결하는 신작애니[ 백 ㅅㅏ 연 ㄱㅣ ]자체한글자막,위디스크,nan,nan,2020-03-25 16:47:08,nan,nan,nan
-,겨울왕국2 Frozen2 한글자막,위디스크,nan,nan,2020-03-25 16:47:08,nan,nan,nan
-,2020년01월. 완 벽 한 글 [ 겨 울 왕 국 2 ] 1080p 자체한글자막,위디스크,nan,nan,2020-03-25 16:47:08,nan,nan,nan
-,2020년01월. 완벽한글자막 [ 겨 울 왕 국 2 ] 1080p,위디스크,nan,nan,2020-03-25 16:47:08,nan,nan,nan
-,[겨울왕국 2(Frozen 2 2019)] 고화질 1080p FHDRip / 자체한글자막,위디스크,nan,nan,2020-03-25 16:47:08,nan,nan,nan
-,2020년01월. 완벽자체한글 (( 겨 울 왕 국 2 )) 1080p,위디스크,nan,nan,2020-03-25 16:47:08,nan,nan,nan
-,2020년01월. FullHD 정식릴 한글자체자막 [ 겨 울 왕 국 2 ] 1080p,위디스크,nan,nan,2020-03-25 16:47:08,nan,nan,nan
-,겨울왕국 2 OST [한국어 버전] (Frozen 2 OST) 2019 [FLAC],위디스크,nan,nan,2020-03-25 16:47:09,nan,nan,nan
-,[초고화질] 애니영화 흥행격돌! ( 겨울왕국2와 맞대결 ) - 나타의 흥행을 이어서 -,위디스크,nan,nan,2020-03-25 16:47:09,nan,nan,nan
-,2O19년12월(74O억흥행돌풍)[: 천년묵은 흰뱀 :]ㄱㅕ울왕국2와맞대결-한글자체자막,위디스크,nan,nan,2020-03-25 16:47:09,nan,nan,nan
-,[OST-FLAC] 디즈니 : 겨울왕국 (2-CD Deluxe Edition / 무손실),위디스크,nan,nan,2020-03-25 16:47:09,nan,nan,nan
-,겨울왕국2 OST,위디스크,nan,nan,2020-03-25 16:47:09,nan,nan,nan
-,2020.01월 [ 겨 울 왕 국 2 ] 자 막 없 음 영 음 버전,지디스크,nan,nan,2020-03-25 16:47:09,nan,nan,nan
-,드디어 떴다!! 기다려 온 겨울왕국2 (완벽자막),지디스크,nan,nan,2020-03-25 16:47:09,nan,nan,nan
-,2020.01월 떳 다 완벽 자막 [ 겨 울 왕 국 2 ] 1080p,지디스크,nan,nan,2020-03-25 16:47:09,nan,nan,nan
-,드디어 떴다!! 기다려 온 겨울왕국2 (완벽자막),지디스크,nan,nan,2020-03-25 16:47:09,nan,nan,nan
-,[2019 3D 대작] 겨울왕국2 저리가라 [백이무기] 굿자막,지디스크,nan,nan,2020-03-25 16:47:09,nan,nan,nan
-,[2019 3D 대작] 겨울왕국2 저리가라 [백이무기] 굿자막,지디스크,nan,nan,2020-03-25 16:47:09,nan,nan,nan
-,겨울 왕국 2 보기전에 꼭 보기 [ ㄱㅕ울 왕 국 ] 2013.1080p.BluRay,케이디스크,nan,nan,2020-03-25 16:47:09,nan,nan,nan
-,[  겨울왕국 ] 4K 2160p 해상도 현존 최고화질 겨울왕국 2 보기전 정주행 필수 Frozen..,케이디스크,nan,nan,2020-03-25 16:47:09,nan,nan,nan
-,겨울왕국 (2013년)[극장판]-우리말더빙 선택가능,케이디스크,nan,nan,2020-03-25 16:47:09,nan,nan,nan
-,(초고화질) 애니영화 흥행격돌! [: 겨울왕국2 ㄲㅓ져라 :] - 나타의 흥행을 이어서 -,케이디스크,nan,nan,2020-03-25 16:47:09,nan,nan,nan
-,(초고화질) 애니영화 흥행격돌 [: 겨울왕국2와 맞대결 :] 백사 The White Snake,케이디스크,nan,nan,2020-03-25 16:47:09,nan,nan,nan
-,[11월] 떠따 흥행격돌 백사 [ 겨울왕국2와 맞대결 ].FHD.1080P,케이디스크,nan,nan,2020-03-25 16:47:09,nan,nan,nan
-,[2019 3D 대작] 겨울왕국2 저리가라 [백이무기] 굿자막,티플,nan,nan,2020-03-25 16:47:09,nan,nan,nan
-,2019 떠따 흥행격돌 [ 겨울왕국2와 맞대결 ] 초화질 자막완벽,티플,nan,nan,2020-03-25 16:47:09,nan,nan,nan
-,겨울왕국 2 숨겨진 진실을 찾아서 (영어자막&한글번역자막),티플,nan,nan,2020-03-25 16:47:09,nan,nan,nan
-,겨울왕국 2 Frozen.2.2019.KOR.1080p.DVDScr.H264.AAC-WHD (자체자막),티플,nan,nan,2020-03-25 16:47:09,nan,nan,nan
-,겨울왕국 2 Frozen.2.2019.1080p.KOR.DVDScr.H264.AAC-RTM (자체자막),티플,nan,nan,2020-03-25 16:47:09,nan,nan,nan
-,겨울왕국.2019.1080p.DVDScr.H264.AAC,티플,nan,nan,2020-03-25 16:47:09,nan,nan,nan
-,겨울왕국.2019.1080p.KOR.DVDScr.H264.AAC,티플,nan,nan,2020-03-25 16:47:09,nan,nan,nan
-,겨울왕국.2019.1080p.KOR.DVDScr.H264.AAC,티플,nan,nan,2020-03-25 16:47:09,nan,nan,nan
-,겨울왕국.2019.1080p.DVDScr.H264.AAC,티플,nan,nan,2020-03-25 16:47:09,nan,nan,nan
-,겨울왕국.2019.1080p.KOR.DVDScr.H264.AAC,티플,nan,nan,2020-03-25 16:47:09,nan,nan,nan
-,겨울왕국.2019.1080p.DVDScr.H264.AAC,티플,nan,nan,2020-03-25 16:47:09,nan,nan,nan
-,겨울왕국.2019.1080p.KOR.DVDScr.H264.AAC,티플,nan,nan,2020-03-25 16:47:09,nan,nan,nan
-,겨울왕국.2019.1080p.KOR.DVDScr.H264.AAC,티플,nan,nan,2020-03-25 16:47:09,nan,nan,nan
-,겨울왕국.2019.1080p.KOR.DVDScr.H264.AAC,티플,nan,nan,2020-03-25 16:47:09,nan,nan,nan
-,겨울왕국 2 (Frozen 2 2019) FHD. 1080P,티플,nan,nan,2020-03-25 16:47:09,nan,nan,nan
-,겨울왕국.2019.1080p.KOR.DVDScr.H264.AAC,티플,nan,nan,2020-03-25 16:47:09,nan,nan,nan
-,라프 라프 울 겨 울 왕 국 2번째,티플,nan,nan,2020-03-25 16:47:09,nan,nan,nan
-,긴급 ( 겨 . 울 . 왕 . 국 2 ) 새로운 모험의 시작 완벽 자체자막,티플,nan,nan,2020-03-25 16:47:09,nan,nan,nan
-,겨울왕국.2019.1080p.KOR.DVDScr.H264.AAC,티플,nan,nan,2020-03-25 16:47:09,nan,nan,nan
-,겨울왕국.2019.1080p.KOR.DVDScr.H264.AAC,티플,nan,nan,2020-03-25 16:47:09,nan,nan,nan
-,겨울왕국 2 보기 전에 1부터 보고 가자잉,티플,nan,nan,2020-03-25 16:47:09,nan,nan,nan
-,2019 떠따 흥행격돌  [ 겨울왕국2와 맞대결 ] 초화질 자막완벽,티플,nan,nan,2020-03-25 16:47:09,nan,nan,nan
-,[2019 3D 대작] 겨울왕국2 저리가라 [백이무기] 굿자막,티플,nan,nan,2020-03-25 16:47:09,nan,nan,nan
-,2O2O년O1월(완벽한글)[: ㄱㅕ울 왕 국 2 :]엘ㅅㅏ의귀환-1O8OP.한글자체자막,파일노리,nan,nan,2020-03-25 16:47:09,nan,nan,nan
-,2O2O년O1월(완벽한글)[: ㄱㅕ울 왕 국 2 :]엘ㅅㅏ의귀환-한글자체자막,파일노리,nan,nan,2020-03-25 16:47:09,nan,nan,nan
-,2O2O년 O1월 한글자막 [ ㄱㅕ 울 왕 국 2 ] 엘ㅅr의 귀환,파일노리,nan,nan,2020-03-25 16:47:09,nan,nan,nan
-,2020년01월. 완벽자체한글 (( 겨 울 왕 국 2 )) 1080p,파일노리,nan,nan,2020-03-25 16:47:09,nan,nan,nan
-,디즈니 겨울왕국 2 (2019),파일노리,nan,nan,2020-03-25 16:47:09,nan,nan,nan
-,떴다! 정식자막 고화질[-겨.울.왕.국2-] 자체한글자막. 1080p,파일노리,nan,nan,2020-03-25 16:47:09,nan,nan,nan
-,[최신작]겨울왕국2와 흥행대결하는 신작애니[ 백 ㅅㅏ 연 ㄱㅣ ]자체한글자막,파일노리,nan,nan,2020-03-25 16:47:09,nan,nan,nan
-,2020년01월. 완벽한글자막 [ 겨 울 왕 국 2 ] 1080p,파일노리,nan,nan,2020-03-25 16:47:09,nan,nan,nan
-,2O19년12월(74O억흥행돌풍)[: 천년묵은 흰뱀 :]ㄱㅕ울왕국2와맞대결-한글자체자막 고화질,파일노리,nan,nan,2020-03-25 16:47:09,nan,nan,nan
-,2020년01월. 완벽한글 ( 겨 울 왕 국 2 ) 1080p 제휴,파일노리,nan,nan,2020-03-25 16:47:09,nan,nan,nan
-,겨울왕국2나와 맞짱뜨자 애니-104-연기(나타의 흥행을 이어서FHD1080p,파일노리,nan,nan,2020-03-25 16:47:10,nan,nan,nan
-,[2019 3D 대작] 겨울왕국2 저리가라 [백이무기] 굿자막,파일론,nan,nan,2020-03-25 16:47:10,nan,nan,nan
-,01월.[FHD][자체자막] 겨.울.왕.국.2_2019_1080p,파일론,nan,nan,2020-03-25 16:47:10,nan,nan,nan
-,2020.01 [ 겨 울 왕 국 2 ] 고화질.1080P.완벽자막,파일론,nan,nan,2020-03-25 16:47:10,nan,nan,nan
-,O1월떠따 완벽자막 [ 겨 울 왕 국 2 ] FHD.1080p.스샷확인,파일론,nan,nan,2020-03-25 16:47:10,nan,nan,nan
-,[11월] 떠따 흥행격돌 [ 겨울왕국2와 맞대결 ] 나타의 흥행을 이어서.FHD.1080P,파일론,nan,nan,2020-03-25 16:47:10,nan,nan,nan
-,겨울왕국 2 보기 전에 꼭 봐야할 겨울왕국 1 렛있고~!,파일론,nan,nan,2020-03-25 16:47:10,nan,nan,nan
-,[11월] 떠따 흥행격돌 [ 겨울왕국2와 맞대결 ] 나타의 흥행을 이어서.FHD..,파일론,nan,nan,2020-03-25 16:47:10,nan,nan,nan
-,[2019 3D 대작] 겨울왕국2 저리가라 [백이무기] 굿자막,파일론,nan,nan,2020-03-25 16:47:10,nan,nan,nan
-,(초고화질) 애니영화 흥행격돌 [ 겨울왕국2와 맞대결 ] - 백사:The White Snake -,파일론,nan,nan,2020-03-25 16:47:10,nan,nan,nan
-,떠--따 -- ㄱ ㅕ울왕국 2 -- 한영자막.번역기,파일맨,nan,nan,2020-03-25 16:47:10,nan,nan,nan
-,V.A [2019 겨울왕국 2 OST (영어버젼)] 외 4곡,파일시티,nan,nan,2020-03-25 16:47:10,nan,nan,nan
-,[2019][번역기자막] 겨 울 왕 국 2 탄 초고화질,파일시티,nan,nan,2020-03-25 16:47:10,nan,nan,nan
-,[2019][애니][수정한글자막] [ ㄱㅕ 울 왕 국 2 ] 올라프꿀잼.고화질,파일시티,nan,nan,2020-03-25 16:47:10,nan,nan,nan
-,[2019][애니][수정한글자막] [ 겨 울 왕 국 2 ] .FHD.1080P.초고화질,파일시티,nan,nan,2020-03-25 16:47:10,nan,nan,nan
-,[2019][애니][수정한글자막] [ 겨 울 왕 국 2 ] 고화질.1080P,파일시티,nan,nan,2020-03-25 16:47:10,nan,nan,nan
-,[2019][애니][수정한글자막] [ 겨 울 왕 국 2 ] 고화질.1080P,파일시티,nan,nan,2020-03-25 16:47:10,nan,nan,nan
-,[2019][애니][수정한글자막] [ 겨 울 왕 국 2 ] .FHD.1080P.초고화질,파일시티,nan,nan,2020-03-25 16:47:10,nan,nan,nan
-,[2019][애니][수정한글자막] [ 겨 울 왕 국 2 ] 마법의 힘 한글 FHD,파일시티,nan,nan,2020-03-25 16:47:10,nan,nan,nan
-,[고음질] 겨울왕국2 (2019) - Frozen2 OST. 320kbps,파일시티,nan,nan,2020-03-25 16:47:10,nan,nan,nan
-,[고음질] 겨울왕국 (2013) - Frozen OST. 2CD. 320kbps,파일시티,nan,nan,2020-03-25 16:47:10,nan,nan,nan
-,[HOT] 겨울왕국 2 (Frozen 2 2019) OST 한국어 VER. 320kbps,파일시티,nan,nan,2020-03-25 16:47:10,nan,nan,nan
-,[2019.11.16] Various Artists - Frozen 2 (겨울왕국 2 OST) [MP3],파일시티,nan,nan,2020-03-25 16:47:10,nan,nan,nan
-,[2019.11.15] Various Artists - 겨울왕국 2 (한국어 버전),파일시티,nan,nan,2020-03-25 16:47:10,nan,nan,nan
-,[2019.11.16] Various Artists - Frozen 2 (겨울왕국 2 OST),파일시티,nan,nan,2020-03-25 16:47:10,nan,nan,nan
-,[2019.11][애니판타지] 흥행격돌 [ 겨울왕국2와 맞대결 ] 나타의 흥행을 이어서.FHD.1080P,파일시티,nan,nan,2020-03-25 16:47:10,nan,nan,nan
-,[HOT] 겨울왕국2 (2019) - Frozen2 OST.한국어 VER. 320kbps.,파일시티,nan,nan,2020-03-25 16:47:10,nan,nan,nan
-,[HOT] 겨울왕국2 (2019) - Frozen2 OST. 320kbps.,파일시티,nan,nan,2020-03-25 16:47:10,nan,nan,nan
-,[최신작]겨울왕국2와 흥행대결하는 신작애니[ 백 ㅅㅏ ]고화질 완벽자막,파일썬,nan,nan,2020-03-25 16:47:10,nan,nan,nan
-,2020.01 [ 겨울왕국 2 ] 자체자막 1080P,파일썬,nan,nan,2020-03-25 16:47:10,nan,nan,nan
-,2020.01 [ 겨울왕국 2 ] 자체자막 1080P,파일썬,nan,nan,2020-03-25 16:47:10,nan,nan,nan
-,2019 떠따 흥행격돌 ㅡ 겨울왕국2와 맞대결 ㅡ 초화질,파일썬,nan,nan,2020-03-25 16:47:10,nan,nan,nan
-,2020.01월 [ 겨 울 왕 국 2 ] 자 막 없 음 영 음 버전,파일썬,nan,nan,2020-03-25 16:47:10,nan,nan,nan
-,2020.01 [ 겨울왕국 2 ] 자체자막 1080P,파일썬,nan,nan,2020-03-25 16:47:10,nan,nan,nan
-,[ 엘. 사. X 안. 나. X 겨. 울. 왕. 국. 2. ] [ 자체자막 ],파일썬,nan,nan,2020-03-25 16:47:10,nan,nan,nan
-,2020.01 [ 겨울왕국 2 ] 자체자막 1080P,파일썬,nan,nan,2020-03-25 16:47:10,nan,nan,nan
-,겨울왕국 2 OST (한국어 버전),파일썬,nan,nan,2020-03-25 16:47:10,nan,nan,nan
-,(초고화질) 애니영화 흥행격돌! [: 겨울왕국2와 맞대결 :] - 나타의 흥행을 이어서 -,파일썬,nan,nan,2020-03-25 16:47:10,nan,nan,nan
-,겨울왕국2를제친 바로그영화 배액사,파일썬,nan,nan,2020-03-25 16:47:10,nan,nan,nan
-,●━━━ 겨울왕국.2013.1080p.WEB-DL.H264-PublicHD━━━●,파일썬,nan,nan,2020-03-25 16:47:10,nan,nan,nan
-,2020.01월 [ 겨 울 왕 국 2 ] 자 막 없 음 영 음 버전,파일이즈,nan,nan,2020-03-25 16:47:10,nan,nan,nan
-,2O2O년O1월(엘ㅅㅏ의귀환)[ ㄱㅕ울 왕 국 2 ]새로운운명을만나다-무자막버젼,파일이즈,nan,nan,2020-03-25 16:47:10,nan,nan,nan
-,2020.01월(정식한글)[--ㄱ ㅕ 울 왕 국2--]엘ㅅr의귀환-1080p초고화질 완벽자막,파일이즈,nan,nan,2020-03-25 16:47:10,nan,nan,nan
-,[애니모험] 나를 부르는 저 목소리 누구지!? - 겨울왕국 2,파일이즈,nan,nan,2020-03-25 16:47:10,nan,nan,nan
-,[01월] [ 겨 울 왕 국 2 ] 엘사 x 안나.FHD.1O8OP.초고화질,파일이즈,nan,nan,2020-03-25 16:47:10,nan,nan,nan
-,2020.01 [ 겨 울 왕 국 2 ] 고화질.1080P.완벽자막,파일이즈,nan,nan,2020-03-25 16:47:10,nan,nan,nan
-,2020.01 [ 겨 울 왕 국 2 ] 고화질.1080P.완벽자막,파일이즈,nan,nan,2020-03-25 16:47:10,nan,nan,nan
-,[01월] [ 겨 울 왕 국 2 ] 엘사 x 안나.FHD.1O8OP.초고화질,파일이즈,nan,nan,2020-03-25 16:47:10,nan,nan,nan
-,[01월] [ 겨 울 왕 국 2 ] 엘사 x 안나.FHD.1O8OP,파일이즈,nan,nan,2020-03-25 16:47:10,nan,nan,nan
-,2020.01 [ 겨 울 왕 국 2 ] 고화질.1080P.완벽자막,파일이즈,nan,nan,2020-03-25 16:47:10,nan,nan,nan
-,★[ㄱㅕ울왕국 2] - 1080p 한글 완벽 자체자막,파일이즈,nan,nan,2020-03-25 16:47:10,nan,nan,nan
-,2020.01 [ 겨 울 왕 국 2 ] 고화질.1080P.완벽자막,파일이즈,nan,nan,2020-03-25 16:47:10,nan,nan,nan
-,★[ㄱㅕ울왕국 2] - 1080p 한글 완벽 자체자막,파일이즈,nan,nan,2020-03-25 16:47:10,nan,nan,nan
-,2020.01 [ 겨 울 왕 국 2 ] 고화질.1080P.완벽자막,파일조,nan,nan,2020-03-25 16:47:10,nan,nan,nan
-,2020.01 [ 겨 울 왕 국 2 ] 고화질.1080P.완벽자막,파일조,nan,nan,2020-03-25 16:47:10,nan,nan,nan
-,2020.01 [ 겨 울 왕 국 2 ] 고화질.1080P.완벽자막,파일조,nan,nan,2020-03-25 16:47:10,nan,nan,nan
-,겨울 왕국 2 자체 자막,파일조,nan,nan,2020-03-25 16:47:10,nan,nan,nan
-,2020.01 [ 겨 울 왕 국 2 ] 고화질.1080P.완벽자막,파일조,nan,nan,2020-03-25 16:47:10,nan,nan,nan
-,[쌈지]겨울왕국 2-정식자체자막 현존최고화질 굿잼,파일조,nan,nan,2020-03-25 16:47:10,nan,nan,nan
-,2020.01 [ 겨 울 왕 국 2 ] 고화질.1080P.완벽자막,파일조,nan,nan,2020-03-25 16:47:10,nan,nan,nan
-,2020.01 [ 겨 울 왕 국 2 ] 고화질.1080P.완벽자막,파일조,nan,nan,2020-03-25 16:47:10,nan,nan,nan
-,[겨울왕국1]겨울왕국2보기전 다시한번 관람-저용량고화질,파일조,nan,nan,2020-03-25 16:47:11,nan,nan,nan
-,[11월] 흥행격돌 [ 겨울왕국2와 맞대결 ] 나타의 흥행을 이어.FHD.1080P,파일캐스트,nan,nan,2020-03-25 16:47:11,nan,nan,nan
-,ㄱ ㅕ울왕국 2019 [캠무자막],파일캐스트,nan,nan,2020-03-25 16:47:11,nan,nan,nan
-,[11월] 떠따 흥행격돌 [ 겨울왕국2와 맞대결 ] 나타의 흥행을 이어서.FHD.1080P,파일캐스트,nan,nan,2020-03-25 16:47:11,nan,nan,nan
-,[2019 3D 대작] 겨울왕국2 저리가라 [백이무기] 굿자막,파일콕,nan,nan,2020-03-25 16:47:11,nan,nan,nan
-,O1월 (어른들Ol 더 환장하는) [ ㄱㅕ울 왕 국 2 ] 한글자체자막(1),파일투어,nan,nan,2020-03-25 16:47:11,nan,nan,nan
-,2020.01월(정식한글)[--ㄱ ㅕ 울 왕 국2--]엘ㅅr의귀환-1080p초고화질 완벽자막,파일투어,nan,nan,2020-03-25 16:47:11,nan,nan,nan
-,[11월] 떠따 흥행격돌 [ 겨울왕국2와 맞대결 ] 나타의 흥행을 이어서.FHD.1080P,파일투어,nan,nan,2020-03-25 16:47:11,nan,nan,nan
-,[11월] 흥행격돌 [ 겨울왕국2와 맞대결 ] 나타의 흥행을 이어.FHD.1080P,파일투어,nan,nan,2020-03-25 16:47:11,nan,nan,nan
-,[01월] [ 겨 울 왕 국 2 ] 엘사 x 안나.FHD.1O8OP.초고화질,파일함,nan,nan,2020-03-25 16:47:11,nan,nan,nan
-,(초고화질) 애니영화 흥행격돌 [ 겨울왕국2 ㄲㅓ져라 ] - 나타의 흥행..,파일함,nan,nan,2020-03-25 16:47:11,nan,nan,nan
-,겨울왕국 2 보기 전에 1부터 보고 가자잉,파일함,nan,nan,2020-03-25 16:47:11,nan,nan,nan
-,겨울왕국 2 보기 전에 1부터 보고 가자잉,파일함,nan,nan,2020-03-25 16:47:11,nan,nan,nan
-,[11월] 떠따 흥행격돌 [ 겨울왕국2와 맞대결 ] 나타의 흥행을 이어서.FHD.1080P,파일혼,nan,nan,2020-03-25 16:47:11,nan,nan,nan
-,2020.01월(정식한글)[--ㄱ ㅕ 울 왕 국2--]엘ㅅr의귀환-1080p초고화질 완벽자막,파일혼,nan,nan,2020-03-25 16:47:12,nan,nan,nan
-,겨울왕국2 자체자막,피디팝,nan,nan,2020-03-25 16:47:12,nan,nan,nan
-,겨울왕국 2 (자체자막) Frozen.2.2019.KOR.1080p.DVDSCR.x264.AC3-CAK,피디팝,nan,nan,2020-03-25 16:47:12,nan,nan,nan
-,겨울왕국.2019.1080p.KOR.DVDScr.H264.AAC,피디팝,nan,nan,2020-03-25 16:47:12,nan,nan,nan
-,겨울왕국2 Frozen.2.2019.1080P.KOR.H264.AAC,피디팝,nan,nan,2020-03-25 16:47:12,nan,nan,nan
-,[쌈지]겨울왕국 2-정식자체자막 현존최고화질 굿잼,피디팝,nan,nan,2020-03-25 16:47:12,nan,nan,nan
-,겨울왕국.2019.1080p.KOR.DVDScr.H264.AAC,피디팝,nan,nan,2020-03-25 16:47:12,nan,nan,nan
-,겨울왕국2 Frozen.2.2019.1080P.KOR.H264.AAC,피디팝,nan,nan,2020-03-25 16:47:12,nan,nan,nan
-,겨울왕국2 Frozen.2.2019.1080P.KOR.H264.AAC,피디팝,nan,nan,2020-03-25 16:47:12,nan,nan,nan
-,겨울왕국2 Frozen.2.2019.1080P.KOR.H264.AAC,피디팝,nan,nan,2020-03-25 16:47:12,nan,nan,nan
-,[쌈지]겨울왕국 2-정식자체자막 현존최고화질 굿잼,피디팝,nan,nan,2020-03-25 16:47:12,nan,nan,nan
-,긴급 떳다  ( 겨 . 울 . 왕 . 국  2 ) - 엘사의 위대한 모험,피디팝,nan,nan,2020-03-25 16:47:12,nan,nan,nan
-,겨울왕국.2019.1080p.KOR.DVDScr.H264.AAC,피디팝,nan,nan,2020-03-25 16:47:12,nan,nan,nan
-,겨울왕국.2019.1080p.KOR.DVDScr.H264.AAC,피디팝,nan,nan,2020-03-25 16:47:12,nan,nan,nan
-,겨울왕국 2 Frozen.2.2019.DVDScr.XVID.AC3.HQ.Hive-자체자막,피디팝,nan,nan,2020-03-25 16:47:12,nan,nan,nan
-,겨울왕국2 Frozen.2.2019.1080P.H264.AAC,피디팝,nan,nan,2020-03-25 16:47:12,nan,nan,nan
-,겨울왕국2 Frozen.2.2019.1080P.H264.AAC,피디팝,nan,nan,2020-03-25 16:47:12,nan,nan,nan
-,겨울왕국.2019.1080p.KOR.DVDScr.H264.AAC,피디팝,nan,nan,2020-03-25 16:47:12,nan,nan,nan
-,겨울왕국.2019.1080p.KOR.DVDScr.H264.AAC,피디팝,nan,nan,2020-03-25 16:47:12,nan,nan,nan
-,겨울왕국 2 Frozen.2.2019.1080P.H264.AAC,피디팝,nan,nan,2020-03-25 16:47:12,nan,nan,nan
-,겨울왕국.2019.1080p.KOR.DVDScr.H264.AAC,피디팝,nan,nan,2020-03-25 16:47:12,nan,nan,nan
-,겨울왕국 2 (자체자막) Frozen.2.2019.1080p.KOR.DVDScr.H264.AAC-RTM,피디팝,nan,nan,2020-03-25 16:47:12,nan,nan,nan
-,겨울왕국2 Frozen.2.2019.1080p.FHDRip.H264.AAC,피디팝,nan,nan,2020-03-25 16:47:12,nan,nan,nan
-,겨울왕국 2 Frozen.2.2019.KOR.1080p.DVDScr.H264.AAC-자체자막,피디팝,nan,nan,2020-03-25 16:47:12,nan,nan,nan
-,겨울왕국.2019.1080p.KOR.DVDScr.H264.AAC,피디팝,nan,nan,2020-03-25 16:47:12,nan,nan,nan
-,겨울왕국 2 (자체자막) Frozen.2.2019.KOR.1080p.DVDScr.H264.AAC-WHD,피디팝,nan,nan,2020-03-25 16:47:12,nan,nan,nan
-,겨울왕국2 Frozen.2.2019.1080p.FHDRip.H264.AAC,피디팝,nan,nan,2020-03-25 16:47:12,nan,nan,nan
-,겨울왕국.2019.1080p.KOR.DVDScr.H264.AAC,피디팝,nan,nan,2020-03-25 16:47:12,nan,nan,nan
-,겨울왕국 2 (자체자막) Frozen.2.2019.1080p.KOR.DVDScr.H264.AAC-RTM,피디팝,nan,nan,2020-03-25 16:47:12,nan,nan,nan
-,[쌈지]겨울왕국 2-정식자체자막 현존최고화질 굿잼,피디팝,nan,nan,2020-03-25 16:47:12,nan,nan,nan
-,겨울왕국.2019.1080p.KOR.DVDScr.H264.AAC,피디팝,nan,nan,2020-03-25 16:47:12,nan,nan,nan
-,[01월] [ 겨 울 왕 국 2 ] 엘사 x 안나.FHD.720P,피디팝,nan,nan,2020-03-25 16:47:12,nan,nan,nan
-,겨울왕국 2 (자체자막) Frozen.2.2019.KOR.1080p.DVDScr.H264.AAC-WHD,피디팝,nan,nan,2020-03-25 16:47:12,nan,nan,nan
-,겨울왕국.2019.1080p.KOR.DVDScr.H264.AAC,피디팝,nan,nan,2020-03-25 16:47:12,nan,nan,nan
-,겨울왕국2 Frozen.2.2019.1080p.FHDRip.H264.AAC,피디팝,nan,nan,2020-03-25 16:47:12,nan,nan,nan
-,겨울왕국.2019.1080p.KOR.DVDScr.H264.AAC,피디팝,nan,nan,2020-03-25 16:47:12,nan,nan,nan
-,겨울왕국 2 (자체자막) Frozen.2.2019.1080p.KOR.DVDScr.H264.AAC-RTM,피디팝,nan,nan,2020-03-25 16:47:12,nan,nan,nan
-,겨울왕국 2 Frozen.2.2019.KOR.1080p.DVDScr.H264.AAC-자체자막,피디팝,nan,nan,2020-03-25 16:47:12,nan,nan,nan
-,겨울왕국.2019.1080p.KOR.DVDScr.H264.AAC,피디팝,nan,nan,2020-03-25 16:47:12,nan,nan,nan
-,겨울왕국2 Frozen.2.2019.1080p.FHDRip.H264.AAC,피디팝,nan,nan,2020-03-25 16:47:12,nan,nan,nan
-,겨울왕국 2 Frozen.2.2019.KOR.1080p.DVDScr.H264.AAC-자체자막,피디팝,nan,nan,2020-03-25 16:47:12,nan,nan,nan
-,겨울왕국2 Frozen.2.2019.1080P.H264.AAC,피디팝,nan,nan,2020-03-25 16:47:12,nan,nan,nan
-,겨울왕국.2019.1080p.KOR.DVDScr.H264.AAC,피디팝,nan,nan,2020-03-25 16:47:12,nan,nan,nan
-,겨울왕국2 Frozen.2.2019.1080p.FHDRip.H264.AAC,피디팝,nan,nan,2020-03-25 16:47:12,nan,nan,nan
-,겨울왕국.2019.1080p.KOR.DVDScr.H264.AAC,피디팝,nan,nan,2020-03-25 16:47:12,nan,nan,nan
-,겨울왕국 2 (자체자막) Frozen.2.2019.KOR.1080p.DVDScr.H264.AAC-WHD,피디팝,nan,nan,2020-03-25 16:47:12,nan,nan,nan
-,겨울왕국2 Frozen.2.2019.1080p.FHDRip.H264.AAC,피디팝,nan,nan,2020-03-25 16:47:12,nan,nan,nan
-,겨울왕국.2019.1080p.KOR.DVDScr.H264.AAC,피디팝,nan,nan,2020-03-25 16:47:12,nan,nan,nan
-,겨울왕국2 Frozen.2.2019.1080p.FHDRip.H264.AAC,피디팝,nan,nan,2020-03-25 16:47:12,nan,nan,nan
-,겨울왕국 2 Frozen.2.2019.KOR.1080p.DVDScr.H264.AAC-자체자막,피디팝,nan,nan,2020-03-25 16:47:12,nan,nan,nan
시동,시동 (START-UP 2019),메가파일,nan,nan,2020-03-25 16:47:12,nan,nan,nan
-,[ 시동 1080p FHD ] 마동석 박정민 정해인 염정아 최성은 김종수 윤경호 ,메가파일,nan,nan,2020-03-25 16:47:12,nan,nan,nan
-,[시동]재미와 감동이 부릉부릉,메가파일,nan,nan,2020-03-25 16:47:12,nan,nan,nan
-,[시동]인생 뭐 있어 일단 한번 살아보는 거야,메가파일,nan,nan,2020-03-25 16:47:12,nan,nan,nan
-,1월  [ 시 . 동 ] 중 국 집 주 방 장 마 뚱 석,메가파일,nan,nan,2020-03-25 16:47:12,nan,nan,nan
-,시동.START-UP.2019.1080p.FHDRip.H264.AAC-NonDRM,메가파일,nan,nan,2020-03-25 16:47:12,nan,nan,nan
-,시동 -마동석 박정민 정해인 염정아 -드라마 2019.12.18 개봉,메가파일,nan,nan,2020-03-25 16:47:12,nan,nan,nan
-,[시동]누구나 인생은 처음이잖아요,메가파일,nan,nan,2020-03-25 16:47:12,nan,nan,nan
-,마동-형-ㅅi동 가즈아 - [FHD] - 완존좋아--,메가파일,nan,nan,2020-03-25 16:47:12,nan,nan,nan
-,땃따. ㅁ r동석  [ ㅅ .l 동. 걸. 어 ] 초고화질 정식,메가파일,nan,nan,2020-03-25 16:47:12,nan,nan,nan
-,[한국영화] 시동,메가파일,nan,nan,2020-03-25 16:47:12,nan,nan,nan
-,[ 시동 1080p ] 마동석 박정민 정해인 염정아 최성은 (2019),메가파일,nan,nan,2020-03-25 16:47:12,nan,nan,nan
-,마동석 -부 릉 부 릉 [ 시 동 ],메가파일,nan,nan,2020-03-25 16:47:12,nan,nan,nan
-,시동  부릉부릉 마동석.정해인 초고화질,메가파일,nan,nan,2020-03-25 16:47:12,nan,nan,nan
-,O1월((꿀잼)) ㅁr블ㄹiㄱr ㅅr람 맹들어 준데 [ㅡㅅㅣ 동 ㅡ] 초고화질,메가파일,nan,nan,2020-03-25 16:47:12,nan,nan,nan
-,마동석.염정아 -- (ㅅ ㅣ 동 )-- FHD,메가파일,nan,nan,2020-03-25 16:47:12,nan,nan,nan
-,2020.01월 첫 시동을 건 발리우드 최신 전쟁영화 [스페셜포스_써지컬 스트라이크],빅파일,nan,nan,2020-03-25 16:47:12,nan,nan,nan
-,[시동]인생 뭐 있어 일단 한번 살아보는 거야,빅파일,nan,nan,2020-03-25 16:47:12,nan,nan,nan
-,FHD [ BO릉 BO릉 시동 걸어 ] X 마형이 야마 돌았다,빅파일,nan,nan,2020-03-25 16:47:12,nan,nan,nan
-,[시동]재미와 감동이 부릉부릉,빅파일,nan,nan,2020-03-25 16:47:12,nan,nan,nan
-,[시동]사람 만들어 드립니다,빅파일,nan,nan,2020-03-25 16:47:12,nan,nan,nan
-,[한국영화] 시동,빅파일,nan,nan,2020-03-25 16:47:12,nan,nan,nan
-,[시동]정해인 마동석 웃음과 감동으로 물들일 영화,빅파일,nan,nan,2020-03-25 16:47:12,nan,nan,nan
-,[시동]마동석 박정민 주연 사람 만들어 드립니다,빅파일,nan,nan,2020-03-25 16:47:12,nan,nan,nan
-,FHD - [ 시 동 건 다 ] - [ ㅁ ㅏ 덩 석 X 정 해 인 ] 빠라 빠.. (1),빅파일,nan,nan,2020-03-25 16:47:12,nan,nan,nan
-,2ㅇ2ㅇ( 긴 급 ) ㅡ ㅅ I 동 거 ㄹㅓ ㅡ 고화질 (1),빅파일,nan,nan,2020-03-25 16:47:12,nan,nan,nan
-,FHD - [ 시 동 가 즈 아 ] - [ ㅁ ㅏ블 형 X 염 정 ㅇㅏ ] 브.. (1),빅파일,nan,nan,2020-03-25 16:47:12,nan,nan,nan
-,FHD - [ 시 동 건 다 ] - [ ㅁ ㅏ 덩 석 X 정 해 인 ] 빠라 빠.. (1),빅파일,nan,nan,2020-03-25 16:47:12,nan,nan,nan
-,2ㅇ2ㅇ( 긴 급 ) ㅡ ㅅ I 동 거 ㄹㅓ ㅡ 고화질 (1),빅파일,nan,nan,2020-03-25 16:47:12,nan,nan,nan
-,FHD - [ 시 동 가 즈 아 ] - [ ㅁ ㅏ블 형 X 염 정 ㅇㅏ ] 브.. (1),빅파일,nan,nan,2020-03-25 16:47:12,nan,nan,nan
-,FHD - [ 시 동 건 다 ] - [ ㅁ ㅏ 덩 석 X 정 해 인 ] 빠라 빠.. (1),빅파일,nan,nan,2020-03-25 16:47:12,nan,nan,nan
-,2ㅇ2ㅇ( 긴 급 ) ㅡ ㅅ I 동 거 ㄹㅓ ㅡ 고화질 (1),빅파일,nan,nan,2020-03-25 16:47:12,nan,nan,nan
-,FHD - [ 시 동 가 즈 아 ] - [ ㅁ ㅏ블 형 X 염 정 ㅇㅏ ] 브.. (1),빅파일,nan,nan,2020-03-25 16:47:12,nan,nan,nan
-,FHD - [ 시 동 건 다 ] - [ ㅁ ㅏ 덩 석 X 정 해 인 ] 빠라 빠.. (1),빅파일,nan,nan,2020-03-25 16:47:12,nan,nan,nan
-,2ㅇ2ㅇ( 긴 급 ) ㅡ ㅅ I 동 거 ㄹㅓ ㅡ 고화질 (1),빅파일,nan,nan,2020-03-25 16:47:12,nan,nan,nan
-,FHD - [ 시 동 가 즈 아 ] - [ ㅁ ㅏ블 형 X 염 정 ㅇㅏ ] 브.. (1),빅파일,nan,nan,2020-03-25 16:47:12,nan,nan,nan
-,FHD - [ 시 동 건 다 ] - [ ㅁ ㅏ 덩 석 X 정 해 인 ] 빠라 빠.. (1),빅파일,nan,nan,2020-03-25 16:47:12,nan,nan,nan
-,2ㅇ2ㅇ( 긴 급 ) ㅡ ㅅ I 동 거 ㄹㅓ ㅡ 고화질 (1),빅파일,nan,nan,2020-03-25 16:47:12,nan,nan,nan
-,FHD - [ 시 동 가 즈 아 ] - [ ㅁ ㅏ블 형 X 염 정 ㅇㅏ ] 브.. (1),빅파일,nan,nan,2020-03-25 16:47:12,nan,nan,nan
-,FHD - [ 시 동 건 다 ] - [ ㅁ ㅏ 덩 석 X 정 해 인 ] 빠라 빠.. (1),빅파일,nan,nan,2020-03-25 16:47:12,nan,nan,nan
-,2ㅇ2ㅇ( 긴 급 ) ㅡ ㅅ I 동 거 ㄹㅓ ㅡ 고화질 (1),빅파일,nan,nan,2020-03-25 16:47:12,nan,nan,nan
-,FHD - [ 시 동 가 즈 아 ] - [ ㅁ ㅏ블 형 X 염 정 ㅇㅏ ] 브.. (1),빅파일,nan,nan,2020-03-25 16:47:12,nan,nan,nan
-,신만이 아는 세계 1기 01화 - 함락신 강림 모든 미소녀를 공략해라 (미연시 동급생 신만세),예스파일,nan,nan,2020-03-25 16:47:13,nan,nan,nan
-,신만이 아는 세계 1기 02화 - 함락신 강림 모든 미소녀를 공략해라 (미연시 동급생 신만세),예스파일,nan,nan,2020-03-25 16:47:13,nan,nan,nan
-,신만이 아는 세계 1기 02화 - 함락신 강림 모든 미소녀를 공략해라 (미연시 동급생 신만세),예스파일,nan,nan,2020-03-25 16:47:13,nan,nan,nan
-,FHD - [ 뿌릉 뿌릉 시동 걸어라 ] - [ ㅁ ㅏ 형 X 염 정 ㅇㅏ],위디스크,nan,nan,2020-03-25 16:47:14,nan,nan,nan
-,FHD [ BO릉 BO릉 시동 걸어 ] X 마블리의 진가를 알게된다,위디스크,nan,nan,2020-03-25 16:47:14,nan,nan,nan
-,[FHD] 시동 - 마동석 정해인 박정민 염정아 초고화질 1080p,위디스크,nan,nan,2020-03-25 16:47:14,nan,nan,nan
-,[시동]누구나 인생은 처음이잖아요,위디스크,nan,nan,2020-03-25 16:47:14,nan,nan,nan
-,[시동]누구나 인생은 처음이잖아요,위디스크,nan,nan,2020-03-25 16:47:14,nan,nan,nan
-,[시동]사람 만들어 드립니다,위디스크,nan,nan,2020-03-25 16:47:14,nan,nan,nan
-,1080p-[ 시동 _ 초특급화질 ] 최성은 염정아 정해인 박정민 마동석. 일단 한번 살아보는 거야!,위디스크,nan,nan,2020-03-25 16:47:14,nan,nan,nan
-,[시동]박정민 염정아 주연인생 뭐 있어 일단 한번 살아보는 거야,위디스크,nan,nan,2020-03-25 16:47:14,nan,nan,nan
-,[시동]마동석 박정민 주연 사람 만들어 드립니다,위디스크,nan,nan,2020-03-25 16:47:14,nan,nan,nan
-,[시동]정해인 마동석 웃음과 감동으로 물들일 영화,위디스크,nan,nan,2020-03-25 16:47:14,nan,nan,nan
-,마동석 박정민 &lt;- 시 동 -&gt; 정해인 염정아[ 재미와 감동이 부릉부릉],위디스크,nan,nan,2020-03-25 16:47:14,nan,nan,nan
-,인간.좀비.벰파이어들이 공존하는 마을. 외계인의 침공으로 임시동맹  프릭스 오브 네이처 한글완벽,위디스크,nan,nan,2020-03-25 16:47:14,nan,nan,nan
-,신만이 아는 세계 1기 01~12화 [완] - 함락신 강림! 모든 미소녀를 공략해라 (미연시 동급생 신만세),위디스크,nan,nan,2020-03-25 16:47:14,nan,nan,nan
-,[시동]누구나 인생은 처음이잖아요,지디스크,nan,nan,2020-03-25 16:47:14,nan,nan,nan
-,2020 02 [시동]마동석 박정민 정해인 염정아 초호화 출연진 초고화질 ,지디스크,nan,nan,2020-03-25 16:47:14,nan,nan,nan
-,FHD - [ 뿌릉 뿌릉 시동 걸어라 ] - [ ㅁ ㅏ 형 X 염 정 ㅇㅏ],지디스크,nan,nan,2020-03-25 16:47:14,nan,nan,nan
-,01월.최신. 마블리  -- ㅅ ㅣ 도 ㅇ -- FHD,지디스크,nan,nan,2020-03-25 16:47:14,nan,nan,nan
-,마동석.염정아  -- ㅅ ㅣ 도 ㅇ -- FHD,지디스크,nan,nan,2020-03-25 16:47:14,nan,nan,nan
-,2020 01 [시동] 마동석 박정민 정해인 염정아 초호화 출연진 초고화질 ,지디스크,nan,nan,2020-03-25 16:47:14,nan,nan,nan
-,[시동]염정아 정해인 재미와 감동이 부릉부릉,지디스크,nan,nan,2020-03-25 16:47:14,nan,nan,nan
-,[시동]박정민 염정아 주연인생 뭐 있어 일단 한번 살아보는 거야,지디스크,nan,nan,2020-03-25 16:47:14,nan,nan,nan
-,[시동]정해인 마동석 웃음과 감동으로 물들일 영화,지디스크,nan,nan,2020-03-25 16:47:14,nan,nan,nan
-,[시동]마동석 박정민 주연 사람 만들어 드립니다  ,지디스크,nan,nan,2020-03-25 16:47:14,nan,nan,nan
-,[시동]정해인 박정민 마동석 누구나 인생은 처음이잖아요,지디스크,nan,nan,2020-03-25 16:47:14,nan,nan,nan
-,[시동]염정아 정해인 재미와 감동이 부릉부릉,지디스크,nan,nan,2020-03-25 16:47:14,nan,nan,nan
-,[시동]박정민 염정아 주연인생 뭐 있어 일단 한번 살아보는 거야,지디스크,nan,nan,2020-03-25 16:47:14,nan,nan,nan
-,[시동]정해인 마동석 웃음과 감동으로 물들일 영화,지디스크,nan,nan,2020-03-25 16:47:14,nan,nan,nan
-,[시동]마동석 박정민 주연 사람 만들어 드립니다,지디스크,nan,nan,2020-03-25 16:47:14,nan,nan,nan
-,[TV조선] 뉴스 9.190910.조국 파면 국민연대 시동.720p,지디스크,nan,nan,2020-03-25 16:47:14,nan,nan,nan
-,전 l 래자l랑.E1943.190505.부산광역시 동래구.720p-NEXT,큐다운,nan,nan,2020-03-25 16:47:15,nan,nan,nan
-,사이키 쿠스오의 재난 재시동편 [1080p] [Erai-raws],티플,nan,nan,2020-03-25 16:47:15,nan,nan,nan
-,사이키 쿠스오의 재난 재시동편 [720p] [Erai-raws],티플,nan,nan,2020-03-25 16:47:15,nan,nan,nan
-,사이키 쿠스오의 재난 재시동편 [720/1080p] [Erai-raws],티플,nan,nan,2020-03-25 16:47:15,nan,nan,nan
-,[시동]마동석 박정민 주연 사람 만들어 드립니다,파일노리,nan,nan,2020-03-25 16:47:15,nan,nan,nan
-,[시동]마동석 박정민 주연 사람 만들어 드립니다 제휴,파일노리,nan,nan,2020-03-25 16:47:15,nan,nan,nan
-,시동 제휴,파일노리,nan,nan,2020-03-25 16:47:15,nan,nan,nan
-,1080p-[ 시동 _ 초특급화질 ] 최성은 염정아 정해인 박정민 마동석. 일단 한번 살아보는 거야! 제휴,파일노리,nan,nan,2020-03-25 16:47:15,nan,nan,nan
-,신만이 아는 세계 2기 01~12화 [완] - 함락신의 미소녀 공략은 계속된다 (미연시 동급생 신만세),파일맨,nan,nan,2020-03-25 16:47:15,nan,nan,nan
-,떠따--- 마동석.염정아  -- ㅅ ㅣ 동 -- FHD,파일맨,nan,nan,2020-03-25 16:47:15,nan,nan,nan
-,[시동]재미와 감동이 부릉부릉,파일맨,nan,nan,2020-03-25 16:47:15,nan,nan,nan
-,[시동]사람 만들어 드립니다,파일맨,nan,nan,2020-03-25 16:47:15,nan,nan,nan
-,[시동]누구나 인생은 처음이잖아요,파일맨,nan,nan,2020-03-25 16:47:15,nan,nan,nan
-,2020 01 [시동]마동석 박정민 정해인 염정아  초호화 출연진 초고화질,파일맨,nan,nan,2020-03-25 16:47:15,nan,nan,nan
-,01월.최신. 마블리  -- ㅅ ㅣ 도 ㅇ -- FHD,파일맨,nan,nan,2020-03-25 16:47:15,nan,nan,nan
-,01월.최신 브릉브릉  -- ㅅ ㅣ 도 ㅇ -- FHD,파일맨,nan,nan,2020-03-25 16:47:15,nan,nan,nan
-,[최신작] 마동석 주방장 [ 시 동 ] 초고화질,파일맨,nan,nan,2020-03-25 16:47:15,nan,nan,nan
-,[시동]정해인 마동석 웃음과 감동으로 물들일 영화,파일맨,nan,nan,2020-03-25 16:47:15,nan,nan,nan
-,[시동]염정아 정해인 재미와 감동이 부릉부릉,파일맨,nan,nan,2020-03-25 16:47:15,nan,nan,nan
-,[시동]정해인 마동석 웃음과 감동으로 물들일 영화,파일맨,nan,nan,2020-03-25 16:47:15,nan,nan,nan
-,[시동]마동석 박정민 주연 사람 만들어 드립니다,파일맨,nan,nan,2020-03-25 16:47:15,nan,nan,nan
-,[시동]정해인 박정민 마동석 누구나 인생은 처음이잖아요,파일맨,nan,nan,2020-03-25 16:47:15,nan,nan,nan
-,신만이 아는 세계 1기 01~12화 [완] - 함락신 강림 모든 미소녀를 공략해라 (미연시 동급생 신만세),파일맨,nan,nan,2020-03-25 16:47:15,nan,nan,nan
-,▶ 허비: 첫 시동을 걸다 ..,파일맨,nan,nan,2020-03-25 16:47:15,nan,nan,nan
-,떴ㄸ ㅏ. ㅁ r뚱석 [ ㅅ .l 동 ] 초고화질 정식,파일이즈,nan,nan,2020-03-25 16:47:16,nan,nan,nan
-,[01월] 시 동 .FHD.1080P,파일이즈,nan,nan,2020-03-25 16:47:16,nan,nan,nan
-,시동.FHD.1080p,파일이즈,nan,nan,2020-03-25 16:47:16,nan,nan,nan
-,ll 시 동 ll,파일이즈,nan,nan,2020-03-25 16:47:16,nan,nan,nan
-,신만이 아는 세계 2기 01~12화 [완] - 함락신의 미소녀 공략은 계속된다 (미연시 동급생 신만세),파일투어,nan,nan,2020-03-25 16:47:17,nan,nan,nan
-,00-시-동-2019-c20,파일함,nan,nan,2020-03-25 16:47:17,nan,nan,nan
-,00-시-동-2019-a19,파일함,nan,nan,2020-03-25 16:47:17,nan,nan,nan
-,0-시-동-2019-b71,파일함,nan,nan,2020-03-25 16:47:17,nan,nan,nan
-,시동 START-UP.2019.720p.HDRip.mp4v.AAC-PCHD (마동석박정민정해인염정아최성은),피디팝,nan,nan,2020-03-25 16:47:17,nan,nan,nan
-,시동 START-UP.2019.1080p.FHDRip.AVC1.AAC-PCHD (마동석박정민정해인염정아최성은),피디팝,nan,nan,2020-03-25 16:47:17,nan,nan,nan
-,시동 START-UP.2019.1080p.FHDRip.AVC1.AAC-PCHD (마동석박정민정해인염정아최성은),피디팝,nan,nan,2020-03-25 16:47:17,nan,nan,nan
-,시동 (2019) - 마동석 . 박정민 . 정해인 . 염정아 START-UP.2019.1080p.FHD.x264.AAC-NonDRM,피디팝,nan,nan,2020-03-25 16:47:17,nan,nan,nan
-,2020. ㅁ r동석 오늘떳다 [ ㅅ l 동 걸 어 ] 초고화질 정식,피디팝,nan,nan,2020-03-25 16:47:17,nan,nan,nan
-,시동 START-UP.2019.1080p.FHDRip.H264.AAC-NonDRM,피디팝,nan,nan,2020-03-25 16:47:17,nan,nan,nan
-,FHD - [ 시 동 건 다 ] - [ ㅁ ㅏ 덩 석 X 정 해 인 ] 빠라 빠라 빠라밤,피디팝,nan,nan,2020-03-25 16:47:17,nan,nan,nan
-,FHD - [ 시 동 가 즈 아 ] - [ ㅁ ㅏ블 형 X 염 정 ㅇㅏ ] 브릉 브릉 가 즈 아,피디팝,nan,nan,2020-03-25 16:47:17,nan,nan,nan
-,[스페셜포스_써지컬 스트라이크] 사상 초유의 초정밀 보복 작전에 시동건다,피디팝,nan,nan,2020-03-25 16:47:17,nan,nan,nan
-,[시동]염정아 정해인 재미와 감동이 부릉부릉,피디팝,nan,nan,2020-03-25 16:47:17,nan,nan,nan
-,[시동]박정민 염정아 주연인생 뭐 있어 일단 한번 살아보는 거야,피디팝,nan,nan,2020-03-25 16:47:17,nan,nan,nan
-,[ 시동 1080p ] 마동석 박정민 정해인 염정아 최성은 (2019),피디팝,nan,nan,2020-03-25 16:47:17,nan,nan,nan
-,[시 동] 마동석 박정민 정해인 주연,피디팝,nan,nan,2020-03-25 16:47:17,nan,nan,nan
-,[스페셜포스_써지컬 스트라이크] 시동 걸린 테러에 맞선 특수부대의 작전,피디팝,nan,nan,2020-03-25 16:47:17,nan,nan,nan
-,2020.01월 첫 시동을 건 발리우드 최신 전쟁영화 [스페셜포스_써지컬 스트라이크],피디팝,nan,nan,2020-03-25 16:47:17,nan,nan,nan
-,마동석.염정아 --( ㅅ ㅣ 동 )-- FHD,피디팝,nan,nan,2020-03-25 16:47:17,nan,nan,nan
-,[FHD] 시동 - 마동석 정해인 박정민 염정아 초고화질 1080p,피디팝,nan,nan,2020-03-25 16:47:17,nan,nan,nan
-,2019 [ 시동 1080p ] 마동석 박정민 정해인 염정아,피디팝,nan,nan,2020-03-25 16:47:17,nan,nan,nan
-,FHD [ 시동 ] -마동석 박정민- [1080p.고화질.mp4],피디팝,nan,nan,2020-03-25 16:47:17,nan,nan,nan
-,FHD - [ 뿌릉 뿌릉 시동 걸어라 ] - [ ㅁ ㅏ 형 X 염 정 ㅇㅏ],피디팝,nan,nan,2020-03-25 16:47:17,nan,nan,nan
-,[제]인생 뭐 있어.시동,피디팝,nan,nan,2020-03-25 16:47:17,nan,nan,nan
